"Symbol","Name","IPO date","Market cap","Industry","Momentum factor 10","Momentum factor 200","Last Close Price","Shares outstanding","Average trading volume","% traded","Action"
"LCID","Lucid Group, Inc.","09/18/2020","$42,699,236,067","Auto Manufacturers","1.08","1.11","27.02","1,618,621,534","26,665,870","1.65%","Analyze"
"DKNG","DraftKings Inc. - Class A","07/25/2019","$19,660,787,250","Gambling","0.99","0.87","47.83","403,298,200","12,270,710","3.04%","Analyze"
"SOFI","SoFi Technologies, Inc.","11/30/2020","$15,862,068,547","Credit Services","0.95","1.06","19.25","794,692,813","26,966,375","3.39%","Analyze"
"CLVT","Clarivate Plc","10/29/2018","$14,458,994,570","Information Technology Services","1.00","0.86","22.18","642,336,498","3,129,796","0.49%","Analyze"
"OPEN","Opendoor Technologies Inc","06/18/2020","$14,360,227,503","Real Estate Services","1.00","1.15","23.87","604,641,158","10,454,126","1.73%","Analyze"
"ARVL","Arrival","02/04/2020","$9,424,352,070","Auto Manufacturers","1.02","0.86","15.25","620,431,341","1,184,500","0.19%","Analyze"
"VRT","Vertiv Holdings, LLC Class A","07/30/2018","$8,475,889,552","Electrical Equipment & Parts","1.04","1.04","24.69","352,427,840","2,681,237","0.76%","Analyze"
"WSC","Willscot Corp","11/30/2017","$7,676,906,451","Rental & Leasing Services","1.01","1.18","33.60","226,323,893","1,775,502","0.78%","Analyze"
"CHPT","ChargePoint Holdings, Inc.","09/16/2019","$7,368,235,778","Specialty Retail","1.06","0.85","22.72","322,602,267","8,013,711","2.48%","Analyze"
"CCCS","CCC Intelligent Solutions Holdings Inc.","07/29/2021","$7,159,627,776","Software—Infrastructure","1.06","1.12","11.86","0","648,451","0.00%","Analyze"
"QS","QuantumScape Corporation Class A","11/23/2020","$6,654,539,394","Auto Parts","0.95","0.69","23.44","259,638,681","7,096,813","2.73%","Analyze"
"OWL","Blue Owl Capital Inc. Class A","12/14/2020","$6,101,005,087","Asset Management","1.02","1.39","17.02","357,201,703","1,023,326","0.29%","Analyze"
"MP","MP Materials Corp.","06/22/2020","$5,951,326,758","Other Industrial Metals & Mining","0.94","0.96","32.76","177,757,669","2,392,118","1.35%","Analyze"
"RKLB","Rocket Lab USA, Inc.","08/19/2021","$5,933,115,879","Aerospace & Defense","1.00","0.94","12.84","448,798,478","4,599,893","1.02%","Analyze"
"ROIV","Roivant Sciences Ltd.","12/08/2020","$5,906,604,753","Biotechnology","1.17","0.80","7.74","702,331,124","520,744","0.07%","Analyze"
"CERE","Cerevel Therapeutics Holdings, Inc.","07/30/2020","$5,665,857,800","Biotechnology","1.05","1.94","39.97","144,869,798","371,005","0.26%","Analyze"
"AMBP","Ardagh Metal Packaging S.A.","08/02/2021","$5,634,664,126","Packaging & Containers","0.98","0.90","9.54","603,283,097","830,848","0.14%","Analyze"
"JOBY","Joby Aviation, Inc.","08/06/2021","$5,477,263,652","Airports & Air Services","0.98","0.90","8.80","603,887,944","2,046,616","0.34%","Analyze"
"SPCE","Virgin Galactic Holdings, Inc.","09/29/2017","$5,044,884,817","Aerospace & Defense","0.91","0.59","18.24","257,260,827","15,172,727","5.90%","Analyze"
"ALIT","Alight, Inc. Class A","07/17/2020","$5,029,048,832","Software—Application","0.99","1.04","11.01","0","2,263,923","0.00%","Analyze"
"MTTR","Matterport, Inc. - Class A","02/02/2021","$4,587,500,511","Software—Application","0.96","1.18","18.36","241,956,778","2,578,412","1.07%","Analyze"
"NKLA","Nikola Corporation","06/11/2018","$4,317,071,463","Auto Manufacturers","0.96","0.74","10.59","398,253,825","7,323,647","1.84%","Analyze"
"RSI","Rush Street Interactive, Inc. Class A","04/23/2020","$4,205,650,751","Gambling","0.98","1.28","20.04","59,177,489","1,259,703","2.13%","Analyze"
"SKLZ","Skillz Inc. Class A","04/27/2020","$4,104,665,981","Electronic Gaming & Multimedia","1.13","0.59","11.09","334,115,276","16,937,493","5.07%","Analyze"
"LPRO","Open Lending Corp. - Class A","03/06/2018","$4,068,376,916","Information Technology Services","0.93","0.83","31.56","126,190,351","620,145","0.49%","Analyze"
"LAZR","Luminar Technologies, Inc.  - Class A","03/25/2019","$4,006,096,921","Software—Application","1.00","0.71","15.82","247,595,607","2,052,914","0.83%","Analyze"
"MGY","Magnolia Oil & Gas Corporation Class A","06/29/2017","$3,819,054,950","Oil & Gas E&P","1.02","1.56","21.34","173,988,836","2,315,705","1.33%","Analyze"
"SMPL","The Simply Good Foods Company","07/10/2017","$3,802,466,437","Packaged Foods","1.07","1.15","38.86","95,780,011","386,045","0.40%","Analyze"
"ETWO","E2open Parent Holdings, Inc. Class A","06/15/2020","$3,798,029,776","Software—Infrastructure","1.03","1.11","12.28","300,002,352","2,231,768","0.74%","Analyze"
"GENI","Genius Sports Limited","10/05/2020","$3,693,530,197","Internet Content & Information","0.98","0.96","17.93","199,112,140","1,250,979","0.63%","Analyze"
"SKIN","The Beauty Health Company - Class A","11/24/2020","$3,637,006,084","Household & Personal Products","0.97","1.54","25.91","133,419,152","2,377,878","1.78%","Analyze"
"ENVX","Enovix Corporation","07/12/2021","$3,542,540,867","Electrical Equipment & Parts","1.06","1.35","24.02","145,245,628","820,059","0.56%","Analyze"
"AHCO","AdaptHealth Corp.  - Class A","05/24/2018","$3,296,338,944","Medical Devices","1.01","0.89","25.45","0","647,546","0.00%","Analyze"
"STEM","Stem, Inc. Class A","10/08/2020","$3,287,014,129","Software—Infrastructure","1.16","0.95","26.65","131,008,933","1,890,043","1.44%","Analyze"
"CLOV","Clover Health Investments, Corp.  - Class A","10/08/2003","$3,252,092,054","Healthcare Plans","0.94","0.77","7.27","235,874,471","11,589,762","4.91%","Analyze"
"MPLN","MultiPlan Corporation Class A","04/03/2020","$3,166,876,348","Healthcare Plans","0.89","0.62","4.33","668,117,373","5,385,779","0.81%","Analyze"
"FFIE","Faraday Future Intelligent Electric Inc.","09/02/2020","$2,776,525,948","Auto Manufacturers","0.92","0.67","8.19","324,360,508","1,617,954","0.50%","Analyze"
"PAYO","Payoneer Global Inc.","06/23/2021","$2,683,131,178","Software—Infrastructure","0.94","0.81","7.69","338,351,977","1,170,511","0.35%","Analyze"
"ADV","Advantage Solutions Inc.  - Class A","01/04/1999","$2,682,389,392","Advertising Agencies","0.97","0.78","8.24","318,573,562","260,208","0.08%","Analyze"
"LEV","The Lion Electric Company","10/08/2020","$2,548,339,247","Farm & Heavy Construction Machinery","1.10","0.77","13.25","189,467,602","1,010,762","0.53%","Analyze"
"DNA","Ginkgo Bioworks Holdings, Inc. Class A","04/19/2021","$2,497,800,000","Biotechnology","1.07","1.37","14.33","172,500,000","11,057,260","6.41%","Analyze"
"PACK","Ranpak Holdings Corp Class A","12/31/1997","$2,453,090,238","Packaging & Containers","1.03","1.34","31.38","78,473,776","290,143","0.37%","Analyze"
"SHCR","Sharecare, Inc. - Class A","11/23/2020","$2,449,856,616","Health Information Services","0.98","0.75","6.91","335,137,704","833,586","0.25%","Analyze"
"VRRM","Verra Mobility Corporation - Class A","03/24/2017","$2,434,540,710","Security & Protection Services","1.00","1.01","14.80","162,410,988","792,839","0.49%","Analyze"
"FSR","Fisker Inc. Class A","10/02/2018","$2,423,427,006","Auto Manufacturers","1.01","0.92","14.54","163,745,068","5,175,636","3.16%","Analyze"
"IONQ","IonQ, Inc.","01/04/2021","$2,413,761,792","Computer Hardware","1.17","1.16","12.28","0","4,341,609","0.00%","Analyze"
"HIPO","Hippo Holdings Inc.","07/29/2021","$2,403,864,832","Insurance—Specialty","0.98","0.78","4.20","559,038,333","1,886,941","0.34%","Analyze"
"MVST","Microvast Holdings, Inc.","03/27/2019","$2,383,093,831","Electrical Equipment & Parts","0.98","0.64","7.84","300,516,246","1,375,169","0.46%","Analyze"
"GWH","ESS Tech, Inc.","10/11/2021","$2,254,793,216","Electrical Equipment & Parts","0.99","0.98","16.58","0","8,250,047","0.00%","Analyze"
"SLGC","SomaLogic, Inc. - Class A","04/23/2021","$2,188,453,425","Health Information Services","1.02","1.01","11.85","181,163,363","1,008,107","0.56%","Analyze"
"CDEV","Centennial Resource Development Inc Class A","04/15/2016","$2,165,282,784","Oil & Gas E&P","1.04","1.45","7.33","279,391,327","6,502,959","2.33%","Analyze"
"CIFR","Cipher Mining Inc.","08/25/2021","$2,164,233,502","Capital Markets","1.00","0.78","7.90","247,058,619","2,681,294","1.09%","Analyze"
"HLMN","Hillman Solutions Corp. - Class A","07/12/2021","$2,136,416,730","Tools & Accessories","0.98","0.92","11.07","187,569,511","778,027","0.41%","Analyze"
"PTRA","Proterra Inc","05/29/2014","$2,097,526,193","Auto Manufacturers","1.05","0.65","10.25","212,300,222","1,416,560","0.67%","Analyze"
"NUVB","Nuvation Bio Inc. Class A","08/24/2020","$2,090,487,187","Biotechnology","1.00","0.92","9.60","217,759,082","346,143","0.16%","Analyze"
"RPAY","Repay Holdings Corporation  - Class A","07/17/2018","$2,031,849,588","Software—Infrastructure","0.96","0.91","21.41","90,586,250","381,191","0.42%","Analyze"
"DOMA","Doma Holdings, Inc.","07/26/2021","$2,017,418,752","Real Estate Services","1.01","0.84","6.25","0","530,294","0.00%","Analyze"
"SMFR","Sema4 Holdings Corp. - Class A","11/04/2020","$1,947,944,160","Health Information Services","1.01","0.62","7.81","240,190,402","1,273,388","0.53%","Analyze"
"CLBT","Cellebrite DI Ltd.","11/06/2020","$1,944,896,212","Software—Infrastructure","1.01","1.07","10.87","176,008,707","371,427","0.21%","Analyze"
"CANO","Cano Health, Inc. Class A","07/02/2020","$1,917,474,680","Medical Care Facilities","0.95","0.84","10.90","174,315,880","2,897,498","1.66%","Analyze"
"ASTR","Astra Space, Inc. - Class A","06/28/2021","$1,889,446,410","Aerospace & Defense","0.99","0.93","9.24","201,219,000","3,024,426","1.50%","Analyze"
"JBI","Janus International Group, Inc.","12/20/2019","$1,883,409,643","Building Products & Equipment","1.01","1.01","13.32","138,384,250","946,240","0.68%","Analyze"
"DM","Desktop Metal, Inc. Class A","05/03/2019","$1,823,687,992","Computer Hardware","0.99","0.52","7.06","255,776,717","3,884,921","1.52%","Analyze"
"ROVR","Rover Group, Inc. - Class A","02/01/2021","$1,815,620,453","Personal Services","0.99","1.10","11.84","157,196,576","190,086","0.12%","Analyze"
"GOEV","Canoo Inc.  - Class A","04/16/2019","$1,804,933,036","Auto Manufacturers","1.01","0.73","7.35","237,491,189","1,925,223","0.81%","Analyze"
"VVNT","Vivint Smart Home, Inc.","01/21/2020","$1,790,749,475","Security & Protection Services","0.99","0.64","8.72","208,712,060","582,579","0.28%","Analyze"
"PRCH","Porch Group, Inc.","01/13/2020","$1,786,681,062","Software—Application","1.01","1.00","17.77","96,734,221","1,472,130","1.52%","Analyze"
"VLD","Velo3D, Inc.","09/24/2021","$1,767,532,544","Computer Hardware","1.19","1.23","10.44","0","682,804","0.00%","Analyze"
"GDYN","Grid Dynamics Holdings, Inc. - Class A","03/06/2020","$1,747,826,924","Information Technology Services","0.93","1.41","27.40","62,111,831","373,845","0.60%","Analyze"
"BFLY","Butterfly Network, Inc. Class A","08/27/2015","$1,717,142,638","Medical Devices","0.96","0.71","10.10","167,526,111","1,312,954","0.78%","Analyze"
"UP","Wheels Up Experience Inc. Class A","11/18/2020","$1,716,657,401","Airports & Air Services","0.97","0.73","6.85","245,587,611","1,133,821","0.46%","Analyze"
"OPAD","Offerpad Solutions Inc. Class A","12/11/2020","$1,714,466,931","Real Estate Services","1.01","0.80","8.10","223,528,935","1,810,709","0.81%","Analyze"
"AEVA","Aeva Technologies, Inc.","02/27/2020","$1,693,107,982","Auto Parts","0.99","0.70","7.72","212,168,920","764,758","0.36%","Analyze"
"SKIL","Skillsoft Corp. Class A","12/31/1997","$1,668,560,123","Education & Training Services","0.97","1.19","12.10","133,059,021","332,588","0.25%","Analyze"
"ACHR","Archer Aviation Inc. Class A","12/18/2020","$1,650,749,312","Aerospace & Defense","0.81","0.54","5.39","0","1,269,774","0.00%","Analyze"
"CYXT","Cyxtera Technologies, Inc. - Class A","11/02/2020","$1,598,375,266","Information Technology Services","1.04","0.99","9.79","165,978,740","285,622","0.17%","Analyze"
"PCT","PureCycle Technologies, Inc.","01/04/2000","$1,586,662,922","Pollution & Treatment Controls","0.93","0.67","13.00","117,356,725","4,875,545","4.15%","Analyze"
"AVPT","AvePoint, Inc. - Class A","06/28/2021","$1,571,977,403","Software—Infrastructure","1.02","0.90","8.78","180,272,638","578,575","0.32%","Analyze"
"GB","Global Blue Group Holding AG","06/27/2016","$1,534,547,177","Software—Infrastructure","1.07","0.87","8.58","180,534,962","27,395","0.02%","Analyze"
"HIMS","Hims & Hers Health, Inc. Class A","09/13/2019","$1,514,021,322","Household & Personal Products","0.92","0.63","7.44","194,854,739","1,835,800","0.94%","Analyze"
"NFH","New Frontier Health Corporation","07/27/2018","$1,476,452,455","Medical Care Facilities","0.99","1.02","11.16","131,356,980","151,328","0.12%","Analyze"
"TTCF","Tattooed Chef, Inc. - Class A","09/12/2018","$1,457,116,215","Packaged Foods","0.99","0.87","17.69","81,952,543","866,531","1.06%","Analyze"
"BTRS","BTRS Holdings Inc. - Class 1","08/06/2019","$1,418,458,487","Software—Application","0.91","0.63","8.64","153,016,018","941,663","0.62%","Analyze"
"ML","MoneyLion Inc. Class A","12/27/1999","$1,368,375,133","Software—Application","0.94","0.62","6.06","226,177,708","1,154,938","0.51%","Analyze"
"LTCH","Latch, Inc.","12/31/2020","$1,367,502,167","Software—Application","0.92","0.76","9.13","141,270,885","1,175,481","0.83%","Analyze"
"HYZN","Hyzon Motors Inc. - Class A","07/14/2021","$1,344,853,495","Auto Manufacturers","0.92","0.66","5.17","247,215,716","2,838,488","1.15%","Analyze"
"BGRY","Berkshire Grey, Inc. - Class A","02/11/2021","$1,326,680,581","Specialty Industrial Machinery","0.95","0.61","5.63","222,597,413","424,884","0.19%","Analyze"
"HYLN","Hyliion Holdings Corp. Class A","04/22/2019","$1,315,162,862","Auto Manufacturers","0.96","0.66","7.34","173,047,745","2,899,188","1.68%","Analyze"
"RBOT","Vicarious Surgical Inc. Class A","09/04/2020","$1,308,404,101","Medical Devices","1.00","1.04","10.79","118,622,312","301,346","0.25%","Analyze"
"PRPL","Purple Innovation Inc","10/29/2015","$1,300,215,941","Furnishings, Fixtures & Appliances","0.96","0.67","19.61","66,371,411","1,211,884","1.83%","Analyze"
"DNMR","Danimer Scientific, Inc.","05/28/2020","$1,269,694,000","Specialty Chemicals","1.00","0.55","14.56","97,732,079","1,837,557","1.88%","Analyze"
"ENJY","Enjoy Technology, Inc.","10/13/2021","$1,264,414,848","Software—Application","0.99","1.00","10.65","0","232,282","0.00%","Analyze"
"VLDR","Velodyne Lidar, Inc.","10/26/2018","$1,247,665,846","Scientific & Technical Instruments","0.92","0.49","5.71","195,558,910","3,024,771","1.55%","Analyze"
"IS","ironSource Ltd. Class A","01/15/2021","$1,216,512,000","Software—Application","0.99","1.09","11.50","102,400,000","1,437,694","1.40%","Analyze"
"PAYA","Paya Holdings Inc.","10/19/2020","$1,216,482,667","Credit Services","0.93","0.82","9.21","127,380,384","639,833","0.50%","Analyze"
"MKFG","Markforged Holding Corporation","10/08/2020","$1,213,399,532","Computer Hardware","1.00","0.68","6.71","185,251,837","553,678","0.30%","Analyze"
"INDI","indie Semiconductor, Inc. - Class A","10/04/2019","$1,205,903,840","Semiconductor Equipment & Materials","1.06","1.19","12.46","96,241,328","912,329","0.95%","Analyze"
"ARKO","ARKO Corp.","07/23/2019","$1,204,461,152","Department Stores","0.98","1.00","9.55","124,427,805","279,385","0.22%","Analyze"
"BKSY","BlackSky Technology Inc. Class A","12/20/2019","$1,188,478,019","Scientific & Technical Instruments","1.04","0.96","9.97","115,949,075","579,771","0.50%","Analyze"
"UTZ","Utz Brands Inc Class A","03/02/2020","$1,187,606,501","Packaged Foods","0.99","0.69","15.50","76,570,374","741,984","0.97%","Analyze"
"BWMX","Betterware de Mexico, S.A. de C.V.","03/14/2020","$1,185,718,813","Specialty Retail","0.95","0.79","32.11","36,584,968","35,003","0.10%","Analyze"
"FREY","FREYR Battery","07/06/2021","$1,179,539,135","Electrical Equipment & Parts","1.06","1.13","10.63","116,440,191","855,044","0.73%","Analyze"
"ACEL","Accel Entertainment, Inc.","12/31/1997","$1,130,807,692","Gambling","0.99","1.04","12.13","93,842,962","164,198","0.18%","Analyze"
"TNGX","Tango Therapeutics, Inc.","08/09/2021","$1,128,417,928","Biotechnology","0.95","0.95","12.40","87,474,258","102,229","0.12%","Analyze"
"BHIL","Benson Hill, Inc.","09/27/2021","$1,118,079,616","Farm Products","0.98","0.91","6.32","0","318,613","0.00%","Analyze"
"ME","23andMe Holding Co.","11/23/2020","$1,110,737,055","Diagnostics & Research","1.21","1.20","12.40","93,026,554","3,662,425","3.94%","Analyze"
"PSFE","Paysafe Limited","10/09/2020","$1,107,610,255","Information Technology Services","0.94","0.61","7.36","146,703,345","7,032,386","4.79%","Analyze"
"VIEW","View, Inc. - Class A","10/19/2020","$1,083,212,793","Building Products & Equipment","0.94","0.60","4.65","217,076,712","408,520","0.19%","Analyze"
"OUST","Ouster, Inc.","10/09/2020","$1,081,000,003","Electronic Components","0.95","0.63","6.47","161,343,284","1,171,512","0.73%","Analyze"
"PLBY","PLBY Group, Inc.","08/31/2020","$1,073,000,760","Leisure","1.00","0.95","26.52","40,798,508","917,150","2.25%","Analyze"
"ELMS","Electric Last Mile Solutions, Inc. - Class A","09/21/2020","$1,039,346,361","Auto Manufacturers","1.06","0.84","8.09","124,027,012","509,335","0.41%","Analyze"
"SEAT","Vivid Seats Inc. - Class A","10/12/2020","$1,038,803,846","Internet Content & Information","1.14","1.35","13.75","76,948,433","1,083,953","1.41%","Analyze"
"HUMA","Humacyte, Inc.","08/23/2021","$961,017,984","Biotechnology","0.94","0.76","9.09","0","291,618","0.00%","Analyze"
"QSI","Quantum-Si Incorporated - Class A","06/07/2021","$951,504,017","Biotechnology","0.94","0.82","7.89","116,463,160","582,575","0.50%","Analyze"
"STRC","Sarcos Technology and Robotics Corporation","03/08/2021","$948,880,028","Computer Hardware","1.09","0.75","7.14","142,688,726","168,036","0.12%","Analyze"
"REE","REE Automotive Ltd. - Class A","01/13/2021","$944,996,814","Recreational Vehicles","1.00","0.44","4.05","229,926,232","705,977","0.31%","Analyze"
"CZOO","Cazoo Group Ltd Class A","12/18/2020","$930,985,165","Software—Application","1.16","0.89","8.94","111,228,813","1,024,766","0.92%","Analyze"
"PAE","PAE Incorporated - Class A","08/13/2019","$921,391,169","Specialty Business Services","1.40","1.21","9.90","93,069,815","2,502,802","2.69%","Analyze"
"IMVT","Immunovant, Inc.","06/21/2019","$917,690,991","Biotechnology","0.93","0.54","7.83","114,998,871","458,278","0.40%","Analyze"
"RIDE","Lordstown Motors Corp. - Class A","04/17/2019","$886,658,638","Auto Manufacturers","0.96","0.41","4.80","176,977,772","10,861,334","6.14%","Analyze"
"BODY","The Beachbody Company, Inc. Class A","01/15/2021","$873,021,055","Internet Content & Information","0.98","0.55","5.12","166,925,632","1,525,819","0.91%","Analyze"
"IRNT","IronNet, Inc.","03/23/2020","$869,562,740","Software—Infrastructure","1.47","1.39","16.34","84,423,567","7,906,488","9.37%","Analyze"
"DMTK","DermTech, Inc.","08/10/2017","$848,336,155","Diagnostics & Research","0.91","0.66","27.60","29,610,337","365,815","1.24%","Analyze"
"MNTS","Momentus Inc. - Class A","01/02/2020","$846,383,700","Aerospace & Defense","0.98","0.79","10.56","79,772,262","235,167","0.29%","Analyze"
"CELU","Celularity Inc. - Class A","08/08/2019","$842,025,251","Biotechnology","0.96","0.73","6.75","123,464,113","89,534","0.07%","Analyze"
"IMTX","Immatics N.V.","07/02/2020","$837,942,778","Biotechnology","1.00","1.11","13.45","62,908,617","107,227","0.17%","Analyze"
"ORGN","Origin Materials, Inc. - Class A","05/06/2004","$822,066,095","Chemicals","0.95","0.65","5.76","141,248,470","890,539","0.63%","Analyze"
"ASLE","AerSale Corporation","02/28/2019","$821,189,870","Airports & Air Services","1.12","1.61","21.32","42,949,261","219,598","0.51%","Analyze"
"GNOG","Golden Nugget Online Gaming, Inc. - Class A","12/28/2020","$817,776,154","Gambling","0.99","1.08","17.24","46,570,396","538,811","1.16%","Analyze"
"OSW","OneSpaWorld Holdings Limited","02/28/2005","$806,921,953","Leisure","0.99","1.06","10.94","73,289,914","257,845","0.35%","Analyze"
"MIR","Mirion Technologies, Inc. Class A","08/20/2020","$801,750,000","Specialty Industrial Machinery","1.05","1.03","10.93","75,000,000","2,669,058","3.56%","Analyze"
"MAPS","WM Technology, Inc. - Class A","01/04/1999","$792,907,724","Software—Application","0.92","0.70","12.15","63,738,563","542,575","0.85%","Analyze"
"SPIR","Spire Global, Inc. Class A","12/14/1983","$787,743,531","Specialty Business Services","1.06","0.67","6.20","133,742,535","2,245,930","1.68%","Analyze"
"RDW","Redwire Corporation","01/14/2021","$786,932,191","Aerospace & Defense","1.12","1.25","12.95","59,661,273","2,802,420","4.70%","Analyze"
"EVLV","Evolv Technologies Holdings, Inc. - Class A","09/22/2020","$778,449,031","Security & Protection Services","0.99","0.61","5.59","144,157,228","320,997","0.22%","Analyze"
"XL","XL Fleet Corp. Class A","09/03/2019","$760,941,505","Auto Parts","0.95","0.56","5.22","139,366,576","1,625,951","1.17%","Analyze"
"CMAX","CareMax, Inc. - Class A","06/04/2021","$724,512,841","Health Information Services","1.03","0.85","8.76","81,132,457","333,924","0.41%","Analyze"
"PNT","POINT Biopharma Global Inc.","07/08/2020","$717,369,480","Biotechnology","1.01","0.76","8.00","90,121,794","102,760","0.11%","Analyze"
"XOS","Xos, Inc.","08/16/2021","$716,856,025","Farm & Heavy Construction Machinery","0.99","0.73","4.47","162,184,621","953,125","0.59%","Analyze"
"TMC","TMC the metals company Inc.","10/31/2012","$702,326,064","Other Industrial Metals & Mining","0.89","0.33","3.12","224,385,324","6,056,617","2.70%","Analyze"
"UWMC","UWM Holdings Corporation Class A","03/24/2020","$701,296,290","Mortgage Finance","0.98","0.86","6.91","100,905,941","1,961,160","1.94%","Analyze"
"BLDE","Blade Air Mobility, Inc. - Class A","11/05/2019","$683,862,668","Airports & Air Services","0.95","0.90","9.57","69,427,682","743,034","1.07%","Analyze"
"NAUT","Nautilus Biotechnology, Inc.","08/07/2020","$657,700,267","Biotechnology","0.96","0.51","5.25","124,094,390","357,540","0.29%","Analyze"
"IMXI","International Money Express Inc.","03/27/2017","$654,538,162","Information Technology Services","0.97","1.04","16.39","38,593,052","130,951","0.34%","Analyze"
"INVZ","Innoviz Technologies Ltd.","06/29/2020","$644,977,020","Auto Parts","1.04","0.53","5.10","133,535,615","695,405","0.52%","Analyze"
"OTMO","Otonomo Technologies Ltd.","10/07/2020","$635,708,728","Software—Application","1.08","0.56","5.11","125,634,136","338,822","0.27%","Analyze"
"VWE","Vintage Wine Estates, Inc.","03/12/2020","$610,057,655","Beverages—Wineries & Distilleries","1.00","0.97","10.06","60,461,611","207,141","0.34%","Analyze"
"EOSE","Eos Energy Enterprises, Inc.","11/02/2020","$599,652,604","Electrical Equipment & Parts","0.92","0.62","10.46","53,636,190","355,050","0.66%","Analyze"
"DSKE","Daseke Inc","10/12/2015","$597,684,369","Trucking","0.96","1.27","9.59","62,323,709","444,015","0.71%","Analyze"
"ATIP","ATI Physical Therapy, Inc. Class A","10/02/2020","$596,973,704","Medical Care Facilities","0.86","0.34","2.69","207,282,536","2,042,959","0.99%","Analyze"
"SFT","Shift Technologies, Inc. - Class A","06/04/2019","$578,285,685","Internet Retail","0.99","0.83","6.77","84,175,500","1,277,120","1.52%","Analyze"
"LVOX","LiveVox Holding, Inc. - Class A","04/18/2019","$576,286,877","Software—Infrastructure","0.94","0.68","5.99","94,628,387","113,111","0.12%","Analyze"
"ZEV","Lightning eMotors, Inc","07/02/2020","$573,930,458","Farm & Heavy Construction Machinery","0.97","0.79","7.64","73,580,828","500,866","0.68%","Analyze"
"ASTS","AST SpaceMobile, Inc. - Class A","11/01/2019","$572,130,526","Telecom Services","1.02","0.94","10.79","51,729,704","843,797","1.63%","Analyze"
"EVGO","EVgo Inc.","11/20/2020","$569,827,823","Specialty Retail","1.03","0.68","8.34","68,736,770","2,077,293","3.02%","Analyze"
"PWP","Perella Weinberg Partners - Class A","11/24/2020","$565,995,438","Capital Markets","0.96","1.08","13.26","41,956,667","192,430","0.46%","Analyze"
"RSVR","Reservoir Media, Inc..","01/05/2021","$563,168,734","Entertainment","0.98","0.91","8.76","64,069,253","98,972","0.15%","Analyze"
"AADI","Aadi Biosciences, Inc.","08/08/2017","$561,593,966","Biotechnology","1.00","1.07","27.03","20,869,341","56,321","0.27%","Analyze"
"RMO","Romeo Power, Inc. Class A","04/01/2019","$559,016,105","Auto Parts","0.86","0.43","3.97","134,056,620","3,403,913","2.54%","Analyze"
"TRIT","Triterras, Inc. - Class A","08/14/2019","$554,916,446","Information Technology Services","0.98","0.91","6.03","83,195,869","292,835","0.35%","Analyze"
"CURI","CuriosityStream Inc.  - Class A","01/08/2020","$541,727,254","Entertainment","0.95","0.73","9.89","52,594,879","315,483","0.60%","Analyze"
"TALK","Talkspace, Inc.","12/31/2018","$540,507,863","Medical Care Facilities","0.95","0.42","3.42","152,255,736","757,272","0.50%","Analyze"
"MIMO","Airspan Networks Holdings Inc.","11/19/2020","$530,820,101","Telecom Services","1.04","0.77","7.22","72,024,437","123,916","0.17%","Analyze"
"APPH","AppHarvest, Inc.","06/12/2020","$518,462,278","Farm Products","0.94","0.32","5.13","100,282,839","1,262,035","1.26%","Analyze"
"MYPS","PLAYSTUDIOS, Inc.  - Class A","12/21/2020","$498,786,306","Electronic Gaming & Multimedia","0.98","0.55","4.43","109,623,364","240,456","0.22%","Analyze"
"BBCP","Concrete Pumping Holdings, Inc.","08/21/2017","$494,631,071","Engineering & Construction","1.00","1.13","8.69","56,593,944","86,507","0.15%","Analyze"
"BKKT","Bakkt Holdings, Inc. Class A","11/19/2020","$493,130,664","Software—Infrastructure","1.99","2.45","29.40","20,737,202","17,632,770","85.03%","Analyze"
"GCMG","GCM Grosvenor Inc. - Class A","02/06/2019","$492,118,603","Asset Management","1.00","0.98","11.44","42,644,593","200,966","0.47%","Analyze"
"JSPR","Jasper Therapeutics, Inc. - Class A","09/20/2021","$484,259,200","Biotechnology","0.79","0.91","10.14","0","7,631,362","0.00%","Analyze"
"KLR","Kaleyra, Inc.","07/28/2004","$474,027,591","Telecom Services","1.02","0.86","11.07","41,691,081","134,477","0.32%","Analyze"
"LFG","Archaea Energy Inc. Class A","12/14/2020","$470,041,775","Utilities—Renewable","1.03","1.26","19.07","23,727,500","432,571","1.82%","Analyze"
"FREE","Whole Earth Brands, Inc. - Class A","05/14/2019","$463,163,836","Packaged Foods","1.00","0.92","11.83","38,564,849","173,365","0.45%","Analyze"
"SUNL","Sunlight Financial Holdings, Inc. Class A","01/15/2021","$448,791,195","Credit Services","1.09","0.62","5.63","84,837,655","808,553","0.95%","Analyze"
"SMRT","SmartRent, Inc. Class A","12/24/2020","$427,636,425","Software—Application","1.07","1.12","12.88","35,547,500","345,434","0.97%","Analyze"
"LSEA","Landsea Homes Corporation","06/29/2018","$423,009,172","Real Estate—Development","0.99","0.99","8.90","46,281,091","32,214","0.07%","Analyze"
"EFTR","eFFECTOR Therapeutics, Inc.","03/01/2021","$416,746,783","Biotechnology","0.90","0.91","10.24","40,304,331","479,636","1.19%","Analyze"
"LOTZ","CarLotz, Inc. - Class A","05/09/2019","$412,622,318","Auto & Truck Dealerships","0.95","0.56","3.52","113,670,060","1,055,095","0.93%","Analyze"
"ADN","Advent Technologies Holdings, Inc. - Class A","01/23/2019","$406,855,531","Utilities—Renewable","0.99","0.80","8.75","46,128,745","204,031","0.44%","Analyze"
"OWLT","Owlet, Inc. Class A","11/05/2020","$404,775,372","Medical Devices","0.96","0.41","3.64","112,750,800","878,018","0.78%","Analyze"
"MILE","Metromile, Inc.","11/09/2020","$399,190,472","Insurance—Property & Casualty","0.94","0.33","3.02","126,727,134","2,031,978","1.60%","Analyze"
"SHPW","Shapeways Holdings, Inc.","11/14/2019","$379,610,364","Specialty Industrial Machinery","0.91","0.74","7.33","48,296,484","1,048,366","2.17%","Analyze"
"HFFG","Hf Foods Group Inc.","09/07/2017","$369,623,486","Food Distribution","1.01","1.09","7.07","51,913,411","65,527","0.13%","Analyze"
"NRDY","Nerdy Inc. Class A","11/27/2020","$344,700,000","Software—Application","0.91","0.76","7.76","45,000,000","1,094,968","2.43%","Analyze"
"CLNN","Clene Inc.","08/27/2018","$341,895,792","Biotechnology","0.95","0.57","5.59","61,492,049","154,149","0.25%","Analyze"
"PHUN","Phunware, Inc.","04/20/2005","$330,646,850","Software—Application","1.51","3.13","4.78","76,010,770","65,405,741","86.05%","Analyze"
"AGIL","AgileThought, Inc. - Class A","01/14/2020","$321,077,500","Software—Application","0.94","0.74","7.66","41,970,915","143,436","0.34%","Analyze"
"XELA","Exela Technologies Inc","03/27/2015","$319,097,750","Software—Application","0.98","0.79","1.70","166,196,745","20,464,122","12.31%","Analyze"
"KXIN","Kaixin Auto Holdings","05/02/2019","$309,874,669","Auto & Truck Dealerships","0.96","0.75","2.13","143,460,495","636,305","0.44%","Analyze"
"AUID","Ipsidy Inc.","07/19/2021","$307,548,635","Software—Infrastructure","1.04","1.14","13.25","23,585,018","28,996","0.12%","Analyze"
"VLTA","Volta, Inc. Class A","11/02/2020","$299,718,750","Specialty Retail","1.00","0.66","6.95","43,125,000","2,391,317","5.55%","Analyze"
"VINC","Vincera Pharma, Inc.","05/27/2020","$290,511,257","Biotechnology","0.96","0.82","13.44","21,021,075","79,579","0.38%","Analyze"
"HLBZ","Helbiz, Inc. - Class A","12/09/2019","$283,860,120","Recreational Vehicles","0.89","0.92","9.70","29,507,289","1,023,676","3.47%","Analyze"
"UPH","UpHealth, Inc.","07/01/2019","$262,535,642","Health Information Services","0.93","0.23","1.77","144,250,353","3,293,494","2.28%","Analyze"
"SRZN","Surrozen, Inc.","08/09/2021","$242,389,656","Biotechnology","1.01","0.79","6.44","35,027,407","48,569","0.14%","Analyze"
"USWS","U.S. Well Services, Inc. - Class A","05/05/2017","$241,847,766","Oil & Gas Midstream","0.88","2.05","2.43","93,377,516","5,339,381","5.72%","Analyze"
"ALTM","Altus Midstream Company - Class A","05/02/2017","$232,055,732","Oil & Gas Midstream","0.84","1.04","65.12","3,746,460","91,757","2.45%","Analyze"
"RDBX","Redbox Entertainment Inc. - Class A","12/10/2020","$227,700,000","","1.44","1.54","15.49","14,375,000","962,378","6.69%","Analyze"
"NVVE","Nuvve Holding Corp.","03/17/2021","$222,512,135","Specialty Retail","1.00","1.03","11.94","18,714,225","97,528","0.52%","Analyze"
"EQOS","Diginex Limited","05/16/2019","$209,686,439","Capital Markets","1.22","0.60","4.95","39,047,754","2,851,886","7.30%","Analyze"
"MKTW","MarketWise, Inc. - Class A","09/14/2020","$208,063,003","Software—Application","1.01","0.75","7.26","28,003,096","176,770","0.63%","Analyze"
"TLMD","SOC Telemed, Inc. - Class A","01/28/2020","$206,234,321","Medical Care Facilities","0.97","0.36","1.96","100,113,748","445,731","0.45%","Analyze"
"GMTX","Gemini Therapeutics, Inc.","08/12/2020","$157,780,668","Biotechnology","0.99","0.40","3.61","43,109,472","103,294","0.24%","Analyze"
"SABS","SAB Biotherapeutics, Inc.","02/09/2021","$144,667,716","Biotechnology","0.85","0.81","8.05","14,792,200","1,041,672","7.04%","Analyze"
"ID","PARTS iD, Inc. Class A","12/01/2017","$137,006,373","Internet Retail","0.95","0.62","4.12","33,173,456","54,102","0.16%","Analyze"
"YTRA","Yatra Online, Inc.","12/19/2016","$120,505,974","Travel Services","1.07","1.01","2.18","57,658,361","154,773","0.27%","Analyze"
"HYMC","Hycroft Mining Holding Corporation - Class A","03/12/2018","$111,557,811","Other Precious Metals & Mining","1.02","0.47","1.76","59,977,318","162,823","0.27%","Analyze"
"SNCE","Science 37 Holdings, Inc.","11/23/2020","$107,521,373","Health Information Services","0.94","0.97","10.06","10,011,301","173,921","1.74%","Analyze"
"CRXT","Clarus Therapeutics Holdings, Inc.","09/07/2021","$93,421,013","Drug Manufacturers—General","0.90","0.73","4.21","21,725,817","1,818,920","8.37%","Analyze"
"OPFI","OppFi Inc. Class A","01/20/2021","$87,788,801","Software—Application","0.89","0.65","6.24","13,464,540","141,679","1.05%","Analyze"
"KERN","Akerna Corp.","02/26/2018","$85,519,683","Health Information Services","0.94","0.63","2.73","30,652,216","586,768","1.91%","Analyze"
"RCOR","Renovacor, Inc.","06/22/2020","$79,759,457","Biotechnology","0.99","0.74","7.30","10,778,305","24,501","0.23%","Analyze"
"UK","Ucommune International Ltd","11/07/2019","$76,971,279","Real Estate Services","1.04","0.44","1.04","77,937,707","111,892","0.14%","Analyze"
"ISUN","iSun, Inc.","04/26/2016","$72,883,891","Solar","0.92","0.68","7.87","9,087,767","54,920","0.60%","Analyze"
"ENSC","Ensysce Biosciences, Inc.","02/26/2018","$57,533,032","Biotechnology","0.93","0.22","2.19","24,275,541","501,794","2.07%","Analyze"
"SNAX","Stryve Foods, Inc. - Class A","03/06/2019","$51,398,730","Packaged Foods","1.02","0.60","5.53","9,017,321","90,906","1.01%","Analyze"
"NVTS","Navitas Semiconductor Corporation","10/18/2021","$0","Semiconductors","0.95","0.95","12.01","0","687,196","0.00%","Analyze"
"WE","WeWork Inc. Class A","10/21/2021","$0","Real Estate Services","0.87","0.87","10.36","0","8,345,713","0.00%","Analyze"