"Symbol","Name","IPO date","Market cap","IPO book value","Last Close Price","Price over book %","Shares outstanding","Average trading volume","% traded","Action"
"MEKA","MELI Kaszek Pioneer Corp","09/29/2021","$339,549,000","10.00","13.12","31.20","25,900,000","226,986","0.88%","Analyze"
"BENE","Benessere Capital Acquisition Corp. - Class A","01/28/2021","$126,311,625","10.00","11.19","11.90","11,893,750","6,646,011","55.88%","Analyze"
"AGBA","AGBA Acquisition Limited","07/15/2019","$58,452,304","10.00","10.96","9.60","5,338,110","19,282","0.36%","Analyze"
"DTRT","DTRT Health Acquisition Corp. Class A","10/25/2021","$227,930,000","10.00","10.50","5.00","23,000,000","0","0.00%","Analyze"
"IPOD","Social Capital Hedosophia Holdings Corp. IV Class A","11/30/2020","$482,080,000","10.00","10.48","4.80","46,000,000","417,220","0.91%","Analyze"
"IPOF","Social Capital Hedosophia Holdings Corp. VI Class A","11/30/2020","$1,178,750,000","10.00","10.25","2.50","115,000,000","1,208,548","1.05%","Analyze"
"DBDR","Roman DBDR Tech Acquisition Corp. - Class A","11/19/2020","$236,422,760","10.00","10.21","2.10","23,156,000","301,506","1.30%","Analyze"
"GRCY","Greencity Acquisition Corporation","08/28/2020","$53,704,600","10.00","10.20","2.00","5,260,000","3,865","0.07%","Analyze"
"LEAP","Ribbit LEAP, Ltd. Class A","11/02/2020","$429,877,100","10.00","10.18","1.80","41,255,000","100,703","0.24%","Analyze"
"ADOC","Edoc Acquisition Corp. - Class A","12/10/2020","$97,164,180","10.00","10.16","1.60","9,554,000","7,906","0.08%","Analyze"
"BREZ","Breeze Holdings Acquisition Corp.","12/23/2020","$148,156,800","10.00","10.15","1.50","14,640,000","35,028","0.24%","Analyze"
"FSII","FS Development Corp. II - Class A","02/17/2021","$208,311,375","10.00","10.15","1.50","20,727,500","51,203","0.25%","Analyze"
"BRLI","Brilliant Acquisition Corporation","07/22/2020","$61,965,540","10.00","10.14","1.40","6,111,000","3,949","0.06%","Analyze"
"OTRA","OTR Acquisition Corp. - Class A","12/15/2020","$107,364,808","10.00","10.14","1.40","10,630,179","11,629","0.11%","Analyze"
"TVAC","Thayer Ventures Acquisition Corporation Class A","02/09/2021","$174,742,500","10.00","10.14","1.40","17,250,000","159,678","0.93%","Analyze"
"ZNTE","Zanite Acquisition Corp. - Class A","01/07/2021","$232,990,000","10.00","10.14","1.40","23,000,000","54,311","0.24%","Analyze"
"BTWN","Bridgetown Holdings Limited - Class A","12/07/2020","$600,348,452","10.00","10.13","1.30","59,499,351","591,219","0.99%","Analyze"
"THCA","Tuscan Holdings Corp. II","07/30/2019","$196,813,339","10.00","10.13","1.30","19,428,760","30,170","0.16%","Analyze"
"YSAC","Yellowstone Acquisition Company - Class A","12/08/2020","$137,484,859","10.00","10.13","1.30","13,598,898","27,048","0.20%","Analyze"
"LMACA","Liberty Media Acquisition Corporation Series A","03/15/2021","$583,625,000","10.00","10.12","1.20","57,500,000","174,540","0.30%","Analyze"
"PAIC","Petra Acquisition, Inc.","11/16/2020","$80,882,440","10.00","10.12","1.20","7,992,336","11,468","0.14%","Analyze"
"TINV","Tiga Acquisition Corp. Class A","01/14/2021","$279,312,000","10.00","10.12","1.20","27,600,000","28,931","0.10%","Analyze"
"BWAC","Better World Acquisition Corp.","12/28/2020","$162,828,324","10.00","10.11","1.10","16,105,670","46,100","0.29%","Analyze"
"KWAC","Kingswood Acquisition Corp. Class A","02/17/2021","$117,432,480","10.00","10.11","1.10","11,604,000","15,890","0.14%","Analyze"
"GLAQ","Globis Acquisition Corp.","02/05/2021","$151,411,380","10.00","10.10","1.00","15,050,833","599,983","3.99%","Analyze"
"REVE","Alpine Acquisition Corporation","10/21/2021","$138,875,008","10.00","10.10","1.00","0","585","0.00%","Analyze"
"AMAO","American Acquisition Opportunity Inc. Class A","04/29/2021","$135,214,450","10.00","10.09","0.90","13,481,002","482","0.00%","Analyze"
"DKDCA","Data Knights Acquisition Corp. - Class A","06/23/2021","$122,061,278","10.00","10.09","0.90","12,085,275","104,275","0.86%","Analyze"
"MAQC","Maquia Capital Acquisition Corporation - Class A","06/07/2021","$180,723,966","10.00","10.09","0.90","17,893,462","578,551","3.23%","Analyze"
"NLIT","Northern Lights Acquisition Corp. - Class A","08/18/2021","$115,575,000","10.00","10.08","0.80","11,500,000","22,420","0.20%","Analyze"
"ACBA","Ace Global Business Acquisition Limited","05/21/2021","$60,903,240","10.00","10.07","0.70","6,054,000","1,223","0.02%","Analyze"
"VCKA","Vickers Vantage Corp. I","03/03/2021","$173,017,500","10.00","10.07","0.70","17,250,000","10,893","0.06%","Analyze"
"ATA","Americas Technology Acquisition Corp.","01/28/2021","$145,870,000","10.00","10.06","0.60","14,500,000","6,388","0.04%","Analyze"
"VENA","Venus Acquisition Corporation","04/13/2021","$60,863,000","10.00","10.06","0.60","6,050,000","11,413","0.19%","Analyze"
"ADF","Aldel Financial Inc. Class A","06/01/2021","$122,052,975","10.00","10.05","0.50","12,072,500","39,141","0.32%","Analyze"
"AGCB","Altimeter Growth Corp. 2 Class A","01/07/2021","$466,071,000","10.00","10.05","0.50","46,100,000","105,733","0.23%","Analyze"
"DYNS","Dynamics Special Purpose Corp. - Class A","05/26/2021","$239,052,240","10.00","10.05","0.50","23,715,500","33,489","0.14%","Analyze"
"CHPM","CHP Merger Corp. - Class A","01/10/2020","$300,900,000","10.00","10.03","0.30","30,000,000","38,371","0.13%","Analyze"
"RICO","Agrico Acquisition Corp. - Class A","12/28/2007","$181,521,664","10.00","10.03","0.30","18,112,500","63,117","0.35%","Analyze"
"CNTQ","Chardan NexTech Acquisition 2 Corp. Class A","08/24/2021","$158,441,250","10.00","10.02","0.20","15,812,500","50,574","0.32%","Analyze"
"GGGV","G3 VRM Acquisition Corp. Class A","08/16/2021","$105,941,220","10.00","10.02","0.20","10,626,000","45,167","0.43%","Analyze"
"LNFA","L&F Acquisition Corp. Class A","01/07/2021","$172,672,500","10.00","10.01","0.10","17,250,000","8,885","0.05%","Analyze"
"VHAQ","Viveon Health Acquisition Corp.","02/04/2021","$251,675,703","10.00","10.01","0.10","25,156,250","66,864","0.27%","Analyze"
"BNIX","Bannix Acquisition Corp.","10/28/2021","$0","10.00","0.00","0.00","0","0","0.00%","Analyze"
"BNIXR","Bannix Acquisition Corp. Right","10/28/2021","$0","10.00","0.00","0.00","0","0","0.00%","Analyze"
"CLOE","Clover Leaf Capital Corp. - Class A","09/09/2021","$138,035,675","10.00","10.00","0.00","13,831,230","39,194","0.28%","Analyze"
"DFPH","DFP Healthcare Acquisitions Corp. - Class A","05/01/2020","$229,942,500","10.00","10.00","0.00","23,000,000","70,085","0.30%","Analyze"
"DGNS","Dragoneer Growth Opportunities Corp. II - Class A","11/16/2020","$283,520,000","10.00","10.00","0.00","28,352,000","150,674","0.53%","Analyze"
"EDTX","EdtechX Holdings Acquisition Corp. II - Class A","02/12/2021","$114,655,000","10.00","10.00","0.00","11,500,000","43,915","0.38%","Analyze"
"EUSG","European Sustainable Growth Acquisition Corp. - Class A","03/09/2021","$144,061,300","10.00","10.00","0.00","14,435,000","61,581","0.43%","Analyze"
"HLXA","Helix Acquisition Corp. - Class A","10/20/2020","$118,107,000","10.00","10.00","0.00","11,930,000","116,639","0.98%","Analyze"
"IIAC","Investindustrial Acquisition Corp. Class A","01/11/2021","$402,500,000","10.00","10.00","0.00","40,250,000","430,216","1.07%","Analyze"
"ISAA","Iron Spark I Inc.","06/09/2021","$179,244,124","10.00","10.00","0.00","17,870,800","74,822","0.42%","Analyze"
"MBTC","Nocturne Acquisition Corporation","05/03/2021","$149,140,516","10.00","10.00","0.00","14,840,000","2,133","0.01%","Analyze"
"PRBM","Parabellum Acquisition Corp. Class A","10/26/2021","$0","10.00","0.00","0.00","0","0","0.00%","Analyze"
"TPBA","TPB Acquisition Corporation I Class A","10/01/2021","$0","10.00","0.00","0.00","18,036,299","0","0.00%","Analyze"
"VTAQ","Ventoux CCM Acquisition Corp.","02/05/2021","$215,620,688","10.00","10.00","0.00","21,562,500","13,039","0.06%","Analyze"
"AURC","Aurora Acquisition Corp. Class A","04/26/2021","$277,446,864","10.00","9.99","-0.10","27,800,287","47,864","0.17%","Analyze"
"AUS","Austerlitz Acquisition Corporation I Class A","04/19/2021","$688,620,000","10.00","9.99","-0.10","69,000,000","276,517","0.40%","Analyze"
"BHSE","Bull Horn Holdings Corp.","12/17/2020","$93,468,750","10.00","9.99","-0.10","9,375,000","25,908","0.28%","Analyze"
"LMAO","LMF Acquisition Opportunities Inc. - Class A","03/18/2021","$104,535,000","10.00","9.99","-0.10","10,453,500","44,373","0.42%","Analyze"
"MPAC","Model Performance Acquisition Corp. Class A Ordinary Share","06/07/2021","$57,557,500","10.00","9.99","-0.10","5,750,000","22,117","0.38%","Analyze"
"NGAB","Northern Genesis Acquisition Corp. II","03/05/2021","$359,640,000","10.00","9.99","-0.10","36,000,000","497,387","1.38%","Analyze"
"VOSO","Virtuoso Acquisition Corp. Class A","03/15/2021","$230,000,000","10.00","9.99","-0.10","23,000,000","149,957","0.65%","Analyze"
"GLEE","Gladstone Acquisition Corp. Class A","09/27/2021","$104,714,950","10.00","9.98","-0.20","10,492,480","118,419","1.13%","Analyze"
"LIII","Leo Holdings III Corp. Class A","04/19/2021","$171,810,000","10.00","9.98","-0.20","17,250,000","276,852","1.60%","Analyze"
"RAM","Aries I Acquisition Corporation - Class A","01/04/2000","$143,246,875","10.00","9.98","-0.20","14,375,000","15,597","0.11%","Analyze"
"SCVX","SCVX Corp. Class A","03/16/2020","$229,310,000","10.00","9.98","-0.20","23,000,000","154,696","0.67%","Analyze"
"THMA","Thimble Point Acquisition Corp. Class A","08/30/2007","$275,448,000","10.00","9.98","-0.20","27,600,000","145,633","0.53%","Analyze"
"GLSPT","Global SPAC Partners Co. Subunit","05/10/2021","$167,165,000","10.00","9.97","-0.30","16,750,000","17,487","0.10%","Analyze"
"MACU","Mallard Acquisition Corp.","11/27/2020","$137,087,500","10.00","9.97","-0.30","13,750,000","15,728","0.11%","Analyze"
"MUDS","Mudrick Capital Acquisition Corporation II - Class A","03/12/2018","$315,301,250","10.00","9.97","-0.30","31,625,000","139,271","0.44%","Analyze"
"PONO","Pono Capital Corp Class A","10/08/2021","$114,597,500","10.00","9.97","-0.30","11,500,000","71,283","0.62%","Analyze"
"SVFB","SVF Investment Corp. 2 - Class A","03/09/2021","$235,936,800","10.00","9.97","-0.30","23,760,000","53,051","0.22%","Analyze"
"YAC","Yucaipa Acquisition Corporation Class A","09/24/2020","$343,620,000","10.00","9.97","-0.30","34,500,000","166,793","0.48%","Analyze"
"AHPA","Avista Public Acquisition Corp. II Class A","09/30/2021","$228,932,800","10.00","9.96","-0.40","23,000,000","159,562","0.69%","Analyze"
"BCAC","Brookline Capital Acquisition Corp.","07/18/2017","$74,084,049","10.00","9.96","-0.40","7,434,500","8,786","0.12%","Analyze"
"BSGA","Blue Safari Group Acquisition Corp. Class A Ordinary Share","07/27/2021","$60,695,000","10.00","9.96","-0.40","6,100,000","9,995","0.16%","Analyze"
"CLAQ","CleanTech Acquisition Corp.","08/03/2021","$214,654,688","10.00","9.96","-0.40","21,562,500","12,434","0.06%","Analyze"
"CPSR","Capstar Special Purpose Acquisition Corp. Class A","08/24/2020","$274,068,000","10.00","9.96","-0.40","27,600,000","41,394","0.15%","Analyze"
"EJFA","EJF Acquisition Corp. Class A ordinary share","04/19/2021","$286,062,500","10.00","9.96","-0.40","28,750,000","119,065","0.41%","Analyze"
"ENVI","Environmental Impact Acquisition Corp. - Class A","03/08/2021","$205,965,000","10.00","9.96","-0.40","20,700,000","35,903","0.17%","Analyze"
"HCAQ","HealthCor Catalio Acquisition Corp. - Class A","01/27/2021","$212,498,449","10.00","9.96","-0.40","21,314,000","101,108","0.47%","Analyze"
"HCIC","Hennessy Capital Investment Corp. V  - Class A","03/08/2021","$343,620,000","10.00","9.96","-0.40","34,500,000","186,098","0.54%","Analyze"
"IACB","ION Acquisition Corp 2 Ltd. Class A","04/04/2021","$251,482,000","10.00","9.96","-0.40","25,300,000","56,449","0.22%","Analyze"
"IPVF","InterPrivate III Financial Partners Inc. Class A","04/25/2021","$265,801,275","10.00","9.96","-0.40","26,767,500","54,598","0.20%","Analyze"
"NXU","Novus Capital Corporation II Class A","03/29/2021","$285,487,500","10.00","9.96","-0.40","28,750,000","141,943","0.49%","Analyze"
"ROCR","Roth CH Acquisition III Co.","03/22/2021","$147,238,680","10.00","9.96","-0.40","14,783,000","35,797","0.24%","Analyze"
"RONI","Rice Acquisition Corp. II Class A","08/06/2021","$341,919,775","10.00","9.96","-0.40","34,502,500","99,007","0.29%","Analyze"
"SVOK","Seven Oaks Acquisition Corp. - Class A","02/10/2021","$321,820,313","10.00","9.96","-0.40","32,343,750","61,470","0.19%","Analyze"
"VPCB","VPC Impact Acquisition Holdings II - Class A ordinary shre","04/26/2021","$254,761,521","10.00","9.96","-0.40","25,578,466","39,757","0.16%","Analyze"
"BSN","Broadstone Acquisition Corp. Class A","11/02/2020","$303,929,146","10.00","9.95","-0.50","30,530,301","206,527","0.68%","Analyze"
"BTAQ","Burgundy Technology Acquisition Corporation - Class A","10/08/2020","$354,202,500","10.00","9.95","-0.50","35,562,500","63,694","0.18%","Analyze"
"CAS","Cascade Acquisition Corp. Class A","01/15/2021","$199,000,000","10.00","9.95","-0.50","20,000,000","69,214","0.35%","Analyze"
"DCRN","Decarbonization Plus Acquisition Corporation II Class A","03/29/2021","$401,695,000","10.00","9.95","-0.50","40,250,000","177,621","0.44%","Analyze"
"FWAC","Fifth Wall Acquisition Corp. III Class A","05/19/2021","$281,584,388","10.00","9.95","-0.50","28,407,000","43,312","0.15%","Analyze"
"KINZ","KINS Technology Group Inc. - Class A","02/04/2021","$274,896,000","10.00","9.95","-0.50","27,600,000","53,930","0.20%","Analyze"
"MBAC","M3-Brigade Acquisition II Corp. Class A","04/26/2021","$397,600,000","10.00","9.95","-0.50","40,000,000","171,988","0.43%","Analyze"
"MEOA","Minority Equality Opportunities Acquisition Inc. Class A","10/17/2021","$125,867,500","10.00","9.95","-0.50","12,650,000","157,317","1.24%","Analyze"
"TACA","Trepont Acquisition Corp I Class A","01/22/2021","$199,000,000","10.00","9.95","-0.50","20,000,000","85,699","0.43%","Analyze"
"TREB","Trebia Acquisition Corp. Class A","08/07/2020","$515,430,000","10.00","9.95","-0.50","51,750,000","64,615","0.12%","Analyze"
"TUGC","TradeUP Global Corporation - Class A","06/21/2021","$55,158,063","10.00","9.95","-0.50","5,563,766","17,881","0.32%","Analyze"
"GCAC","Growth Capital Acquisition Corp. Class A","03/22/2021","$171,637,500","10.00","9.94","-0.60","17,250,000","14,419","0.08%","Analyze"
"GMBT","Queens Gambit Growth Capital Class A Ordinary Share","03/14/2021","$341,895,000","10.00","9.94","-0.60","34,500,000","196,269","0.57%","Analyze"
"GMII","Gores Metropoulos II, Inc. - Class A","03/15/2021","$447,300,000","10.00","9.94","-0.60","45,000,000","77,070","0.17%","Analyze"
"MOTV","Motive Capital Corp Class A","02/01/2021","$357,840,000","10.00","9.94","-0.60","36,000,000","307,446","0.85%","Analyze"
"OCAX","OCA Acquisition Corp. - Class A","03/08/2021","$148,603,000","10.00","9.94","-0.60","14,950,000","12,519","0.08%","Analyze"
"OPA","Magnum Opus Acquisition Limited Class A","05/14/2021","$199,000,000","10.00","9.94","-0.60","20,000,000","97,809","0.49%","Analyze"
"OTEC","OceanTech Acquisitions I Corp. Class A","07/19/2021","$103,996,409","10.00","9.94","-0.60","10,429,260","44,543","0.43%","Analyze"
"SVFC","SVF Investment Corp. 3 - Class A","08/28/2001","$329,739,200","10.00","9.94","-0.60","33,040,000","197,319","0.60%","Analyze"
"TCVA","TCV Acquisition Corp. Class A","04/07/2021","$406,890,000","10.00","9.94","-0.60","41,100,000","75,769","0.18%","Analyze"
"FORE","Foresight Acquisition Corp. Class A","04/05/2021","$322,135,725","10.00","9.93","-0.70","32,457,000","170,270","0.52%","Analyze"
"GBRG","Goldenbridge Acquisition Limited","04/16/2021","$75,132,863","10.00","9.93","-0.70","7,566,250","11,396","0.15%","Analyze"
"GIG","GigCapital4, Inc.","11/25/2019","$456,739,024","10.00","9.93","-0.70","45,949,600","194,282","0.42%","Analyze"
"GLBL","Cartesian Growth Corporation Class A","07/25/2017","$342,240,000","10.00","9.93","-0.70","34,500,000","281,174","0.82%","Analyze"
"HTPA","Highland Transcend Partners I Corp. Class A","01/25/2021","$273,075,000","10.00","9.93","-0.70","27,500,000","105,864","0.39%","Analyze"
"LGV","Longview Acquisition Corp. II Class A","05/10/2021","$685,860,000","10.00","9.93","-0.70","69,000,000","65,896","0.10%","Analyze"
"NOVV","Nova Vision Acquisition Corp.","09/30/2021","$57,068,750","10.00","9.93","-0.70","5,750,000","49,144","0.85%","Analyze"
"OXAC","Oxbridge Acquisition Corp. Class A","09/30/2021","$113,965,000","10.00","9.93","-0.70","11,500,000","112,192","0.98%","Analyze"
"WRAC","Williams Rowland Acquisition Corp.","09/16/2021","$285,200,000","10.00","9.93","-0.70","0","79,830","0.00%","Analyze"
"CFFE","CF Acquisition Corp. VIII Class A","05/03/2021","$255,655,400","10.00","9.92","-0.80","25,540,000","141,400","0.55%","Analyze"
"DNAA","Social Capital Suvretta Holdings Corp. I - Class A","06/30/2021","$254,861,600","10.00","9.92","-0.80","25,640,000","110,045","0.43%","Analyze"
"DNAB","Social Capital Suvretta Holdings Corp. II Class A","06/24/2021","$254,605,200","10.00","9.92","-0.80","25,640,000","67,480","0.26%","Analyze"
"FMAC","FirstMark Horizon Acquisition Corp. Class A","11/27/2020","$410,274,000","10.00","9.92","-0.80","41,400,000","837,244","2.02%","Analyze"
"FOXW","FoxWayne Enterprises Acquisition Corp. - Class A","02/25/2021","$57,536,000","10.00","9.92","-0.80","5,800,000","7,125","0.12%","Analyze"
"GACQ","Global Consumer Acquisition Corp.","07/30/2021","$230,728,207","10.00","9.92","-0.80","23,282,362","29,414","0.13%","Analyze"
"OCA","Omnichannel Acquisition Corp. Class A","01/12/2021","$205,052,435","10.00","9.92","-0.80","20,650,000","103,596","0.50%","Analyze"
"PAFO","Pacifico Acquisition Corp.","09/27/2021","$74,350,400","10.00","9.92","-0.80","7,495,000","33,663","0.45%","Analyze"
"PPGH","Poema Global Holdings Corp.","02/26/2021","$341,550,000","10.00","9.92","-0.80","34,500,000","397,479","1.15%","Analyze"
"ALCC","AltC Acquisition Corp. Class A","07/08/2021","$508,840,500","10.00","9.91","-0.90","51,450,000","49,350","0.10%","Analyze"
"BLSA","BCLS Acquisition Corp. - Class A","10/22/2020","$147,287,375","10.00","9.91","-0.90","14,862,500","3,977","0.03%","Analyze"
"DUNE","Dune Acquisition Corporation - Class A","02/19/2021","$170,775,000","10.00","9.91","-0.90","17,250,000","400,735","2.32%","Analyze"
"SLCR","Silver Crest Acquisition Corporation - Class A","03/08/2021","$341,550,000","10.00","9.91","-0.90","34,500,000","133,897","0.39%","Analyze"
"UPTD","TradeUP Acquisition Corp.","09/07/2021","$57,795,036","10.00","9.91","-0.90","5,849,700","27,257","0.47%","Analyze"
"APAC","StoneBridge Acquisition Corporation Class A","09/07/2021","$198,000,000","10.00","9.90","-1.00","20,000,000","52,853","0.26%","Analyze"
"CRHC","Cohn Robbins Holdings Corp. Class A","10/30/2020","$819,720,000","10.00","9.90","-1.00","82,800,000","227,956","0.28%","Analyze"
"DGNU","Dragoneer Growth Opportunities Corp. III","03/17/2021","$425,507,947","10.00","9.90","-1.00","43,067,606","181,867","0.42%","Analyze"
"GIW","GigInternational1, Inc.","07/09/2021","$268,402,440","10.00","9.90","-1.00","27,084,000","14,783","0.05%","Analyze"
"GLTA","Galata Acquisition Corp. Class A","08/11/2021","$142,168,750","10.00","9.90","-1.00","14,375,000","63,448","0.44%","Analyze"
"HMCO","HumanCo Acquisition Corp. - Class A","01/28/2021","$308,437,500","10.00","9.90","-1.00","31,250,000","26,211","0.08%","Analyze"
"MCAF","Mountain Crest Acquisition Corp. IV","07/28/2021","$74,063,500","10.00","9.90","-1.00","7,557,500","45,190","0.60%","Analyze"
"PPHP","PHP Ventures Acquisition Corp. Class A","06/24/2016","$56,925,000","10.00","9.90","-1.00","5,750,000","57,952","1.01%","Analyze"
"RCHG","Recharge Acquisition Corp. - Class A","11/20/2020","$197,995,200","10.00","9.90","-1.00","20,040,000","42,101","0.21%","Analyze"
"SPK","SPK Acquisition Corp","07/23/2021","$65,303,123","10.00","9.90","-1.00","6,596,275","21,001","0.32%","Analyze"
"TRON","Corner Growth Acquisition Corp. 2 - Class A","08/23/2011","$182,780,000","10.00","9.90","-1.00","18,500,000","104,410","0.56%","Analyze"
"VELO","Velocity Acquisition Corp. - Class A","04/15/2021","$227,700,000","10.00","9.90","-1.00","23,000,000","79,906","0.35%","Analyze"
"OACB","Oaktree Acquisition Corp. II Class A","11/09/2020","$247,500,000","10.00","9.89","-1.10","25,000,000","66,095","0.26%","Analyze"
"OXUS","Oxus Acquisition Corp. Class A","10/06/2021","$173,218,500","10.00","9.89","-1.10","17,550,000","219,599","1.25%","Analyze"
"ALTU","Altitude Acquisition Corp. - Class A","01/29/2021","$297,000,000","10.00","9.88","-1.20","30,000,000","68,970","0.23%","Analyze"
"ARYE","ARYA Sciences Acquisition Corp V - Class A","07/13/2021","$152,172,650","10.00","9.88","-1.20","15,449,000","14,750","0.10%","Analyze"
"CENQ","CENAQ Energy Corp. Class A","10/04/2021","$172,653,525","10.00","9.88","-1.20","17,439,750","199,115","1.14%","Analyze"
"DWIN","Delwinds Insurance Acquisition Corp. Class A","01/29/2021","$204,668,950","10.00","9.88","-1.20","20,757,500","142,316","0.69%","Analyze"
"GSEV","Gores Holdings VII, Inc. Class A","04/14/2021","$541,200,000","10.00","9.88","-1.20","55,000,000","21,762","0.04%","Analyze"
"JATT","JATT Acquisition Corp Class A","09/02/2021","$170,257,104","10.00","9.88","-1.20","0","20,151","0.00%","Analyze"
"DNAC","Social Capital Suvretta Holdings Corp. III - Class A","06/30/2021","$253,836,000","10.00","9.87","-1.30","25,640,000","61,626","0.24%","Analyze"
"ERES","East Resources Acquisition Company - Class A","09/14/2020","$340,515,000","10.00","9.87","-1.30","34,500,000","78,141","0.23%","Analyze"
"GAPA","G&P Acquisition Corp. Class A","05/03/2021","$173,250,000","10.00","9.87","-1.30","17,500,000","70,519","0.40%","Analyze"
"GTPA","Gores Technology Partners, Inc. Class A","05/03/2021","$270,875,000","10.00","9.87","-1.30","27,500,000","15,415","0.06%","Analyze"
"GTPB","Gores Technology Partners II, Inc. Class A","05/03/2021","$452,640,000","10.00","9.87","-1.30","46,000,000","60,689","0.13%","Analyze"
"IGAC","IG Acquisition Corp. - Class A","11/23/2020","$296,400,000","10.00","9.87","-1.30","30,000,000","98,166","0.33%","Analyze"
"MDH","MDH Acquisition Corp. Class A","03/25/2021","$272,412,000","10.00","9.87","-1.30","27,600,000","151,806","0.55%","Analyze"
"PRPB","CC Neuberger Principal Holdings II Class A","09/21/2020","$815,580,000","10.00","9.87","-1.30","82,800,000","138,271","0.17%","Analyze"
"SWAG","Software Acquisition Group Inc. III Class A","09/20/2021","$225,341,736","10.00","9.87","-1.30","22,807,868","117,810","0.52%","Analyze"
"CCVI","Churchill Capital Corp VI Class A","04/05/2021","$544,272,000","10.00","9.86","-1.40","55,200,000","47,055","0.09%","Analyze"
"DCRD","Decarbonization Plus Acquisition Corporation IV Class A","10/01/2021","$312,771,250","10.00","9.86","-1.40","31,625,000","161,362","0.51%","Analyze"
"DNAD","Social Capital Suvretta Holdings Corp. IV Class A","06/21/2001","$253,579,600","10.00","9.86","-1.40","25,640,000","54,365","0.21%","Analyze"
"FACA","Figure Acquisition Corp. I Class A","04/12/2021","$283,762,500","10.00","9.86","-1.40","28,750,000","26,729","0.09%","Analyze"
"HPX","HPX Corp. Class A","09/08/2020","$248,952,000","10.00","9.86","-1.40","25,300,000","52,451","0.21%","Analyze"
"LHAA","Lerer Hippeau Acquisition Corp. - Class A","03/05/2021","$226,301,879","10.00","9.86","-1.40","22,951,509","66,800","0.29%","Analyze"
"LJAQ","LightJump Acquisition Corporation","03/02/2021","$171,268,200","10.00","9.86","-1.40","17,370,000","21,396","0.12%","Analyze"
"MCAE","Mountain Crest Acquisition Corp. III","06/17/2021","$69,594,199","10.00","9.86","-1.40","7,051,084","4,696","0.07%","Analyze"
"ROCG","Roth CH Acquisition IV Co.","08/31/2021","$146,436,255","10.00","9.86","-1.40","14,836,500","37,741","0.25%","Analyze"
"SRSA","Sarissa Capital Acquisition Corp. - Class A","12/11/2020","$196,400,000","10.00","9.86","-1.40","20,000,000","5,555","0.03%","Analyze"
"VYGG","Vy Global Growth Class A","11/20/2020","$494,935,412","10.00","9.86","-1.40","49,993,476","242,908","0.49%","Analyze"
"ADRA","Adara Acquisition Corp. Class A","03/24/2021","$113,275,000","10.00","9.85","-1.50","11,500,000","36,799","0.32%","Analyze"
"GIIX","Gores Holdings VIII, Inc. Class A","04/19/2021","$339,825,000","10.00","9.85","-1.50","34,500,000","34,107","0.10%","Analyze"
"HSAQ","Health Sciences Acquisitions Corporation 2","08/04/2020","$201,432,500","10.00","9.85","-1.50","20,450,000","25,514","0.12%","Analyze"
"PRPC","CC Neuberger Principal Holdings III Class A","03/26/2021","$396,060,000","10.00","9.85","-1.50","40,250,000","123,686","0.31%","Analyze"
"PSTH","Pershing Square Tontine Holdings, Ltd. Class A","09/11/2020","$3,940,000,000","20.00","19.70","-1.50","200,000,000","1,841,471","0.92%","Analyze"
"QFTA","Quantum FinTech Acquisition Corporation","03/10/2021","$172,375,000","10.00","9.85","-1.50","17,500,000","78,751","0.45%","Analyze"
"SVFA","SVF Investment Corp. - Class A","01/27/2021","$594,693,750","10.00","9.85","-1.50","60,375,000","464,307","0.77%","Analyze"
"WPCA","Warburg Pincus Capital Corporation IA Class A","04/25/2021","$278,887,032","10.00","9.85","-1.50","28,342,178","56,047","0.20%","Analyze"
"YTPG","TPG Pace Beneficial II Corp. Class A","04/14/2021","$393,600,000","10.00","9.85","-1.50","40,000,000","47,052","0.12%","Analyze"
"ZT","Zimmer Energy Transition Acquisition Corp. - Class A","12/18/2012","$339,825,000","10.00","9.85","-1.50","34,500,000","26,708","0.08%","Analyze"
"AVAN","Avanti Acquisition Corp. Class A","11/23/2020","$588,000,000","10.00","9.84","-1.60","60,000,000","74,658","0.12%","Analyze"
"GOAC","GO Acquisition Corp. Class A","09/25/2020","$566,375,000","10.00","9.84","-1.60","57,500,000","125,375","0.22%","Analyze"
"GSAQ","Global Synergy Acquisition Corp.","03/01/2021","$254,092,500","10.00","9.84","-1.60","25,875,000","69,696","0.27%","Analyze"
"INKA","KludeIn I Acquisition Corp. - Class A","03/01/2021","$169,740,000","10.00","9.84","-1.60","17,250,000","16,219","0.09%","Analyze"
"KVSC","Khosla Ventures Acquisition Co. III Class A","03/24/2021","$569,482,314","10.00","9.84","-1.60","57,756,827","44,595","0.08%","Analyze"
"MEAC","Mercury Ecommerce Acquisition Corp Class A","09/16/2021","$177,528,360","10.00","9.84","-1.60","18,041,500","52,622","0.29%","Analyze"
"TMKR","Tastemaker Acquisition Corp. Class A","03/01/2021","$271,032,000","10.00","9.84","-1.60","27,600,000","38,091","0.14%","Analyze"
"AAC","Ares Acquisition Corporation Class A","10/25/2019","$984,000,000","10.00","9.83","-1.70","100,000,000","274,852","0.27%","Analyze"
"ASPA","Abri SPAC I, Inc.","09/02/2021","$73,096,643","10.00","9.83","-1.70","7,443,650","60,529","0.81%","Analyze"
"CLAY","Chavant Capital Acquisition Corp.","08/13/2021","$101,558,000","10.00","9.83","-1.70","10,300,000","41,728","0.41%","Analyze"
"CONX","CONX Corp. - Class A","12/21/2020","$738,196,800","10.00","9.83","-1.70","75,020,000","276,244","0.37%","Analyze"
"DALS","DA32 Life Science Tech Acquisition Corp.","07/28/2021","$203,196,000","10.00","9.83","-1.70","20,650,000","12,232","0.06%","Analyze"
"EBAC","European Biotech Acquisition Corp. - Class A","05/11/2021","$128,267,935","10.00","9.83","-1.70","13,209,880","4,257","0.03%","Analyze"
"ETAC","E.Merge Technology Acquisition Corp. - Class A","09/18/2020","$602,208,000","10.00","9.83","-1.70","61,200,000","141,683","0.23%","Analyze"
"HZON","Horizon Acquisition Corporation II Class A","12/10/2020","$516,075,000","10.00","9.83","-1.70","52,500,000","159,914","0.30%","Analyze"
"IMAQ","International Media Acquisition Corp. Class A","08/16/2021","$233,923,527","10.00","9.83","-1.70","23,796,900","129,544","0.54%","Analyze"
"IMPX","AEA-Bridges Impact Corp. Class A","11/23/2020","$392,400,000","10.00","9.83","-1.70","40,000,000","39,987","0.10%","Analyze"
"LDHA","LDH Growth Corp I - Class A","05/10/2021","$225,400,000","10.00","9.83","-1.70","23,000,000","27,498","0.12%","Analyze"
"LUXA","Lux Health Tech Acquisition Corp. - Class A","12/16/2020","$340,170,000","10.00","9.83","-1.70","34,500,000","110,542","0.32%","Analyze"
"MITA","Coliseum Acquisition Corp. Class A Ordinary Share","01/03/2000","$147,150,000","10.00","9.83","-1.70","15,000,000","4,765","0.03%","Analyze"
"MSDA","MSD Acquisition Corp. Class A","05/17/2021","$564,937,500","10.00","9.83","-1.70","57,500,000","27,053","0.05%","Analyze"
"PIAI","Prime Impact Acquisition I Class A","11/02/2020","$275,556,683","10.00","9.83","-1.70","28,060,762","44,589","0.16%","Analyze"
"WINV","WinVest Acquisition Corp.","10/04/2021","$141,234,375","10.00","9.83","-1.70","14,375,000","198,007","1.38%","Analyze"
"APGB","Apollo Strategic Growth Capital II Class A","04/05/2021","$677,580,000","10.00","9.82","-1.80","69,000,000","158,390","0.23%","Analyze"
"ASAQ","Atlantic Avenue Acquisition Corp. Class A","10/15/2020","$245,500,000","10.00","9.82","-1.80","25,000,000","68,032","0.27%","Analyze"
"ATSPT","Archimedes Tech SPAC Partners Co. - Subunit","04/14/2021","$130,328,280","10.00","9.82","-1.80","13,326,000","29,468","0.22%","Analyze"
"CCV","Churchill Capital Corp V Class A","02/05/2021","$441,900,000","10.00","9.82","-1.80","45,000,000","88,090","0.20%","Analyze"
"EQD","Equity Distribution Acquisition Corp. Class A","11/06/2020","$406,962,000","10.00","9.82","-1.80","41,400,000","63,844","0.15%","Analyze"
"HAAC","Health Assurance Acquisition Corp. - Class A","01/14/2021","$515,025,000","10.00","9.82","-1.80","52,500,000","248,368","0.47%","Analyze"
"KAHC","KKR Acquisition Holdings I Corp. Class A","05/07/2021","$116,350,111","10.00","9.82","-1.80","11,836,227","84,015","0.71%","Analyze"
"KCGI","Kensington Capital Acquisition Corp. V Class A","10/04/2021","$336,396,864","10.00","9.82","-1.80","0","166,093","0.00%","Analyze"
"LAAA","Lakeshore Acquisition I Corp.","07/23/2021","$69,960,891","10.00","9.82","-1.80","7,095,425","43,553","0.61%","Analyze"
"LFTR","Lefteris Acquisition Corp. - Class A","12/15/2020","$203,578,258","10.00","9.82","-1.80","20,709,894","94,669","0.46%","Analyze"
"PIPP","Pine Island Acquisition Corp. Class A","01/07/2021","$214,456,525","10.00","9.82","-1.80","21,838,750","87,563","0.40%","Analyze"
"PMVC","PMV Consumer Acquisition Corp. Class A","11/12/2020","$171,325,000","10.00","9.82","-1.80","17,500,000","20,233","0.12%","Analyze"
"RACB","Research Alliance Corp. II - Class A","03/18/2021","$152,172,650","10.00","9.82","-1.80","15,449,000","40,406","0.26%","Analyze"
"ROSS","Ross Acquisition Corp II Class A","02/17/2006","$338,790,000","10.00","9.82","-1.80","34,500,000","136,832","0.40%","Analyze"
"WARR","Warrior Technologies Acquisition Company Class A","04/19/2021","$0","10.00","9.82","-1.80","0","33,817","0.00%","Analyze"
"ASZ","Austerlitz Acquisition Corporation II Class A","04/19/2021","$1,353,780,000","10.00","9.81","-1.90","138,000,000","272,371","0.20%","Analyze"
"FRW","PWP Forward Acquisition Corp. I Class A","04/30/2021","$207,190,009","10.00","9.81","-1.90","21,163,433","6,261","0.03%","Analyze"
"HIGA","H.I.G. Acquisition Corp. Class A","12/11/2020","$358,485,825","10.00","9.81","-1.90","36,394,500","109,761","0.30%","Analyze"
"IGNY","Ignyte Acquisition Corp.","03/12/2021","$71,490,375","10.00","9.81","-1.90","7,287,500","6,210","0.09%","Analyze"
"ISLE","Isleworth Healthcare Acquisition Corporation","03/29/2021","$257,459,988","10.00","9.81","-1.90","26,191,250","64,702","0.25%","Analyze"
"NMMC","North Mountain Merger Corp. - Class A","11/10/2020","$129,605,000","10.00","9.81","-1.90","13,225,000","19,784","0.15%","Analyze"
"PHIC","Population Health Investment Co., Inc. - Class A","01/08/2021","$169,139,700","10.00","9.81","-1.90","17,250,000","35,964","0.21%","Analyze"
"SCOA","ScION Tech Growth I - Class A","07/06/2001","$563,500,000","10.00","9.81","-1.90","57,500,000","96,905","0.17%","Analyze"
"WQGA","World Quantum Growth Acquisition Corp. Class A","10/01/2021","$0","10.00","9.81","-1.90","0","96,377","0.00%","Analyze"
"APSG","Apollo Strategic Growth Capital Class A","11/23/2020","$800,473,800","10.00","9.80","-2.00","81,681,000","549,123","0.67%","Analyze"
"BOAC","Bluescape Opportunities Acquisition Corp. Class A","12/18/2020","$595,350,000","10.00","9.80","-2.00","60,750,000","110,857","0.18%","Analyze"
"DRAY","Macondray Capital Acquisition Corp. I Class A","08/19/2021","$281,462,500","10.00","9.80","-2.00","28,750,000","102,539","0.36%","Analyze"
"FTVI","FinTech Acquisition Corp. VI Class A","08/16/2021","$244,750,000","10.00","9.80","-2.00","25,000,000","83,641","0.33%","Analyze"
"FZT","FAST Acquisition Corp. II Class A","05/06/2021","$217,890,133","10.00","9.80","-2.00","22,233,687","23,824","0.11%","Analyze"
"NGC","Northern Genesis Acquisition Corp. III","05/14/2021","$211,466,813","10.00","9.80","-2.00","21,556,250","27,710","0.13%","Analyze"
"PCPC","Periphas Capital Partnering Corporation Class A","02/01/2021","$352,800,000","25.00","24.50","-2.00","14,400,000","3,864","0.03%","Analyze"
"SBEA","SilverBox Engaged Merger Corp I Class A","04/19/2021","$335,685,000","10.00","9.80","-2.00","34,500,000","21,655","0.06%","Analyze"
"SDAC","Sustainable Development Acquisition I Corp. Class A","03/29/2021","$309,925,000","10.00","9.80","-2.00","31,625,000","37,890","0.12%","Analyze"
"STRE","Supernova Partners Acquisition Company III, Ltd. Class A","05/13/2021","$274,851,731","10.00","9.80","-2.00","28,103,449","118,705","0.42%","Analyze"
"SWSS","Springwater Special Situations Corp.","09/23/2021","$220,322,022","10.00","9.80","-2.00","22,481,839","67,451","0.30%","Analyze"
"TEKK","Tekkorp Digital Acquisition Corp. - Class A","12/18/2020","$245,750,000","10.00","9.80","-2.00","25,000,000","20,247","0.08%","Analyze"
"TRCA","Twin Ridge Capital Acquisition Corp. Class A","04/26/2021","$208,826,367","10.00","9.80","-2.00","21,308,813","44,674","0.21%","Analyze"
"VGII","Virgin Group Acquisition Corp. II Class A","05/13/2021","$394,896,775","10.00","9.80","-2.00","40,250,000","71,479","0.18%","Analyze"
"XPOA","DPCM Capital, Inc. Class A","12/11/2020","$294,000,000","10.00","9.80","-2.00","30,000,000","125,606","0.42%","Analyze"
"AKIC","Sports Ventures Acquisition Corp. - Class A","02/26/2021","$231,631,400","10.00","9.79","-2.10","23,660,000","5,393","0.02%","Analyze"
"CSTA","Constellation Acquisition Corp I Class A","03/19/2021","$293,700,000","10.00","9.79","-2.10","30,000,000","10,334","0.03%","Analyze"
"CVII","Churchill Capital Corp VII Class A","04/05/2021","$1,352,400,000","10.00","9.79","-2.10","138,000,000","430,847","0.31%","Analyze"
"DHBC","DHB Capital Corp. Class A","04/22/2021","$280,312,500","10.00","9.79","-2.10","28,750,000","96,033","0.33%","Analyze"
"DSAC","Duddell Street Acquisition Corp. - Class A","11/30/2020","$171,500,000","10.00","9.79","-2.10","17,500,000","9,428","0.05%","Analyze"
"FLAC","Frazier Lifesciences Acquisition Corporation Class A","02/08/2021","$140,292,810","10.00","9.79","-2.10","14,301,000","10,147","0.07%","Analyze"
"FVAM","5:01 Acquisition Corp. - Class A","10/14/2020","$84,403,496","10.00","9.79","-2.10","8,621,399","21,147","0.25%","Analyze"
"GWII","Good Works II Acquisition Corp.","08/23/2021","$288,708,000","10.00","9.79","-2.10","29,400,000","48,926","0.17%","Analyze"
"HLAH","Hamilton Lane Alliance Holdings I, Inc. - Class A","03/05/2021","$270,204,000","10.00","9.79","-2.10","27,600,000","70,581","0.26%","Analyze"
"JUGG","Jaws Juggernaut Acquisition Corporation Class A Ordinary Share","08/09/2021","$270,480,000","10.00","9.79","-2.10","27,600,000","7,458","0.03%","Analyze"
"JWSM","Jaws Mustang Acquisition Corp. Class A","03/26/2021","$1,017,405,000","10.00","9.79","-2.10","103,500,000","477,857","0.46%","Analyze"
"NOAC","Natural Order Acquisition Corp.","01/29/2021","$281,462,500","10.00","9.79","-2.10","28,750,000","11,177","0.04%","Analyze"
"OSTR","Oyster Enterprises Acquisition Corp. - Class A","03/12/2021","$224,710,000","10.00","9.79","-2.10","23,000,000","61,990","0.27%","Analyze"
"POW","Powered Brands - Class A","05/24/2019","$270,204,000","10.00","9.79","-2.10","27,600,000","18,236","0.07%","Analyze"
"REVH","Revolution Healthcare Acquisition Corp. SAIL Class A","05/10/2021","$538,175,000","10.00","9.79","-2.10","55,000,000","45,164","0.08%","Analyze"
"SPGS","Simon Property Group Acquisition Holdings, Inc. Class A","04/12/2021","$337,065,000","10.00","9.79","-2.10","34,500,000","21,011","0.06%","Analyze"
"TBCP","Thunder Bridge Capital Partners III Inc. Class A","03/29/2021","$414,701,340","10.00","9.79","-2.10","42,403,000","42,861","0.10%","Analyze"
"TMPM","Turmeric Acquisition Corp. - Class A","12/16/2020","$99,663,090","10.00","9.79","-2.10","10,190,500","9,154","0.09%","Analyze"
"VTIQ","VectoIQ Acquisition Corp. II - Class A","03/03/2021","$346,920,000","10.00","9.79","-2.10","35,400,000","7,355","0.02%","Analyze"
"WPCB","Warburg Pincus Capital Corporation IB Class A","04/25/2021","$537,775,000","10.00","9.79","-2.10","54,875,000","21,592","0.04%","Analyze"
"ABGI","ABG Acquisition Corp. I - Class A","02/17/2021","$152,082,751","10.00","9.78","-2.20","15,566,300","30,287","0.19%","Analyze"
"ACQR","Independence Holdings Corp. Class A Ordinary Share","04/29/2021","$262,068,332","10.00","9.78","-2.20","26,796,353","47,012","0.18%","Analyze"
"BRIV","B. Riley Principal 250 Merger Corp. Class A","06/28/2021","$169,050,000","10.00","9.78","-2.20","17,250,000","76,046","0.44%","Analyze"
"BSAQ","Black Spade Acquisition Co Class A","09/07/2021","$207,458,240","10.00","9.78","-2.20","0","67,456","0.00%","Analyze"
"BSKY","Big Sky Growth Partners, Inc. Class A","06/18/2021","$293,400,000","10.00","9.78","-2.20","30,000,000","25,952","0.09%","Analyze"
"CFIV","CF Acquisition Corp. IV Class A","02/16/2021","$499,290,000","10.00","9.78","-2.20","51,000,000","235,404","0.46%","Analyze"
"CLIM","Climate Real Impact Solutions II Acquisition Corporation Class A","03/19/2021","$235,945,500","10.00","9.78","-2.20","24,150,000","47,385","0.20%","Analyze"
"EUCR","Eucrates Biomedical Acquisition Corp.","12/28/2020","$131,630,243","10.00","9.78","-2.20","13,459,125","16,397","0.12%","Analyze"
"FCAX","Fortress Capital Acquisition Corp. Class A","03/05/2021","$342,300,000","10.00","9.78","-2.20","35,000,000","39,749","0.11%","Analyze"
"FICV","Frontier Investment Corp Class A","08/23/2021","$195,600,000","10.00","9.78","-2.20","20,000,000","19,266","0.10%","Analyze"
"FLME","Flame Acquisition Corp. Class A","04/19/2021","$280,025,000","10.00","9.78","-2.20","28,750,000","18,395","0.06%","Analyze"
"GFX","Golden Falcon Acquisition Corp. Class A","02/08/2021","$337,410,000","10.00","9.78","-2.20","34,500,000","44,304","0.13%","Analyze"
"GHAC","Gaming & Hospitality Acquisition Corp. - Class A","03/26/2021","$203,203,950","10.00","9.78","-2.20","20,777,500","9,769","0.05%","Analyze"
"IIII","INSU Acquisition Corp. III Class A","02/08/2021","$250,123,500","10.00","9.78","-2.20","25,575,000","30,344","0.12%","Analyze"
"IPVA","InterPrivate II Acquisition Corp. Class A","04/25/2021","$255,013,500","10.00","9.78","-2.20","26,075,000","52,216","0.20%","Analyze"
"JYAC","Jiya Acquisition Corp. - Class A","11/19/2020","$106,418,994","10.00","9.78","-2.20","10,859,081","4,987","0.05%","Analyze"
"LEGA","Lead Edge Growth Opportunities, Ltd Class A","05/13/2021","$205,815,113","10.00","9.78","-2.20","21,066,030","38,626","0.18%","Analyze"
"MIT","Mason Industrial Technology, Inc. Class A","03/22/2021","$486,500,000","10.00","9.78","-2.20","50,000,000","147,556","0.30%","Analyze"
"MTAL","Metals Acquisition Corp Class A","09/19/2021","$329,608,480","10.00","9.78","-2.20","0","34,851","0.00%","Analyze"
"NAAC","North Atlantic Acquisition Corporation Class A Ordinary Share","03/15/2021","$370,392,000","10.00","9.78","-2.20","37,950,000","74,128","0.20%","Analyze"
"NDAC","NightDragon Acquisition Corp. Class A","04/22/2021","$347,176,950","10.00","9.78","-2.20","35,535,000","41,202","0.12%","Analyze"
"ORIA","Orion Biotech Opportunities Corp. - Class A","07/02/2021","$195,600,000","10.00","9.78","-2.20","20,000,000","2,573","0.01%","Analyze"
"PDOT","Peridot Acquisition Corp. II Class A","04/29/2021","$399,060,301","10.00","9.78","-2.20","40,845,476","43,987","0.11%","Analyze"
"PTIC","PropTech Investment Corporation II Class A","01/25/2021","$225,630,000","10.00","9.78","-2.20","23,000,000","9,692","0.04%","Analyze"
"RXRA","RXR Acquisition Corp. Class A","04/26/2021","$337,410,000","10.00","9.78","-2.20","34,500,000","91,509","0.27%","Analyze"
"SHQA","Shelter Acquisition Corporation I - Class A","08/20/2021","$216,106,254","10.00","9.78","-2.20","22,164,744","97,850","0.44%","Analyze"
"SLAM","Slam Corp. - Class A","04/15/2021","$560,625,000","10.00","9.78","-2.20","57,500,000","227,681","0.40%","Analyze"
"SSAA","Science Strategic Acquisition Corp. Alpha - Class A","12/21/2009","$303,048,000","10.00","9.78","-2.20","31,050,000","22,301","0.07%","Analyze"
"SWET","Athlon Acquisition Corp. - Class A","10/22/2002","$269,376,000","10.00","9.78","-2.20","27,600,000","15,136","0.05%","Analyze"
"TSIB","Tishman Speyer Innovation Corp. II Class A","04/04/2021","$293,400,000","10.00","9.78","-2.20","30,000,000","22,680","0.08%","Analyze"
"TWCB","Bilander Acquisition Corp. - Class A","09/08/2021","$164,134,565","10.00","9.78","-2.20","16,851,598","110,958","0.66%","Analyze"
"TWOA","two Class A","03/30/2021","$215,587,263","10.00","9.78","-2.20","22,066,250","59,999","0.27%","Analyze"
"VAQC","Vector Acquisition Corporation II - Class A","03/10/2021","$441,000,000","10.00","9.78","-2.20","45,000,000","16,299","0.04%","Analyze"
"VII","7GC & Co. Holdings Inc. - Class A","02/12/2021","$224,940,000","10.00","9.78","-2.20","23,000,000","28,288","0.12%","Analyze"
"VLAT","Valor Latitude Acquisition Corp. Class A","06/23/2021","$224,940,000","10.00","9.78","-2.20","23,000,000","29,321","0.13%","Analyze"
"ANAC","Arctos NorthStar Acquisition Corp. Class A","04/15/2021","$308,660,000","10.00","9.77","-2.30","31,625,000","20,092","0.06%","Analyze"
"ATAQ","Altimar Acquisition Corp. III Class A","04/26/2021","$151,679,250","10.00","9.77","-2.30","15,525,000","24,361","0.16%","Analyze"
"ATVC","Tribe Capital Growth Corp I - Class A","05/18/2021","$269,100,000","10.00","9.77","-2.30","27,600,000","16,104","0.06%","Analyze"
"CHAA","Catcha Investment Corp. Class A","10/31/2013","$293,100,000","10.00","9.77","-2.30","30,000,000","46,248","0.15%","Analyze"
"CLAA","Colonnade Acquisition Corp. II Class A","04/30/2021","$320,760,000","10.00","9.77","-2.30","33,000,000","50,558","0.15%","Analyze"
"COOL","Corner Growth Acquisition Corp. - Class A","02/19/2021","$390,400,000","10.00","9.77","-2.30","40,000,000","16,584","0.04%","Analyze"
"CPUH","Compute Health Acquisition Corp. Class A","03/29/2021","$844,387,500","10.00","9.77","-2.30","86,250,000","285,890","0.33%","Analyze"
"CTAQ","Carney Technology Acquisition Corp. II Class A","02/01/2021","$402,447,000","10.00","9.77","-2.30","41,150,000","113,424","0.28%","Analyze"
"DHHC","DiamondHead Holdings Corp. Class A","03/18/2021","$337,065,000","10.00","9.77","-2.30","34,500,000","8,070","0.02%","Analyze"
"DILA","DILA Capital Acquisition Corp. Class A","08/04/2021","$59,872,964","10.00","9.77","-2.30","6,121,980","43,172","0.71%","Analyze"
"DNZ","D and Z Media Acquisition Corp. Class A","03/18/2021","$244,250,000","10.00","9.77","-2.30","25,000,000","7,828","0.03%","Analyze"
"EPHY","Epiphany Technology Acquisition Corp. Class A","03/01/2021","$401,469,000","10.00","9.77","-2.30","41,050,000","46,862","0.11%","Analyze"
"FINM","Marlin Technology Corporation - Class A","03/05/2021","$404,478,000","10.00","9.77","-2.30","41,400,000","40,274","0.10%","Analyze"
"FRXB","Forest Road Acquisition Corp. II Class A","04/30/2021","$341,950,000","10.00","9.77","-2.30","35,000,000","32,925","0.09%","Analyze"
"FVT","Fortress Value Acquisition Corp. III Class A","02/25/2021","$195,400,000","10.00","9.77","-2.30","20,000,000","10,779","0.05%","Analyze"
"GAMC","Golden Arrow Merger Corp. Class A","05/06/2021","$280,887,500","10.00","9.77","-2.30","28,750,000","38,584","0.13%","Analyze"
"HCAR","Healthcare Services Acquisition Corporation - Class A","01/05/2021","$323,582,400","10.00","9.77","-2.30","33,120,000","58,940","0.18%","Analyze"
"HERA","FTAC Hera Acquisition Corp. Class A","04/26/2021","$851,522,693","10.00","9.77","-2.30","87,067,760","28,569","0.03%","Analyze"
"IACC","ION Acquisition Corp 3 Ltd. Class A","04/30/2021","$255,348,800","10.00","9.77","-2.30","26,056,000","25,482","0.10%","Analyze"
"IPVI","InterPrivate IV InfraTech Partners Inc. Class A","04/26/2021","$280,887,500","10.00","9.77","-2.30","28,750,000","25,340","0.09%","Analyze"
"JCIC","Jack Creek Investment Corp. Class A","03/15/2021","$336,030,000","10.00","9.77","-2.30","34,500,000","48,898","0.14%","Analyze"
"NSTC","Northern Star Investment Corp. III Class A","11/25/2011","$390,800,000","10.00","9.77","-2.30","40,000,000","107,023","0.27%","Analyze"
"NSTD","Northern Star Investment Corp. IV Class A","04/22/2021","$390,000,000","10.00","9.77","-2.30","40,000,000","56,802","0.14%","Analyze"
"PGRW","Progress Acquisition Corp. Class A","03/15/2021","$170,520,000","10.00","9.77","-2.30","17,400,000","81,959","0.47%","Analyze"
"PMGM","Priveterra Acquisition Corp. - Class A","04/11/2021","$303,180,000","10.00","9.77","-2.30","31,000,000","79,039","0.26%","Analyze"
"PNTM","Pontem Corporation Class A","03/05/2021","$586,200,000","10.00","9.77","-2.30","60,000,000","55,694","0.09%","Analyze"
"RMGC","RMG Acquisition Corp. III Class A","03/29/2021","$471,891,000","10.00","9.77","-2.30","48,300,000","84,351","0.17%","Analyze"
"SLAC","Social Leverage Acquisition Corp I Class A","04/05/2021","$337,755,000","10.00","9.77","-2.30","34,500,000","47,664","0.14%","Analyze"
"SNRH","Senior Connect Acquisition Corp. I Class A","02/01/2021","$404,478,000","10.00","9.77","-2.30","41,400,000","92,947","0.22%","Analyze"
"THCP","Thunder Bridge Capital Partners IV, Inc. Class A","08/20/2021","$231,324,228","10.00","9.77","-2.30","23,652,784","89,971","0.38%","Analyze"
"VCXA","10X Capital Venture Acquisition Corp. II Class A Ordinary Share","05/25/2007","$195,200,000","10.00","9.77","-2.30","20,000,000","110,078","0.55%","Analyze"
"ACII","Atlas Crest Investment Corp. II Class A","03/29/2021","$337,755,000","10.00","9.76","-2.40","34,500,000","65,158","0.19%","Analyze"
"ACTD","ArcLight Clean Transition Corp. II - Class A","05/19/2021","$302,932,787","10.00","9.76","-2.40","31,116,305","20,042","0.06%","Analyze"
"ARBG","Aequi Acquisition Corp.","01/11/2021","$224,710,000","10.00","9.76","-2.40","23,000,000","15,854","0.07%","Analyze"
"BIOT","Biotech Acquisition Company - Class A","03/18/2021","$224,480,000","10.00","9.76","-2.40","23,000,000","44,173","0.19%","Analyze"
"BITE","Bite Acquisition Corp.","04/05/2021","$250,502,800","10.00","9.76","-2.40","25,640,000","23,359","0.09%","Analyze"
"BLUA","BlueRiver Acquisition Corp. Class A","03/22/2021","$288,703,500","10.00","9.76","-2.40","29,550,000","7,130","0.02%","Analyze"
"BYTS","BYTE Acquisition Corp. Class A","05/09/2021","$326,310,682","10.00","9.76","-2.40","33,399,251","10,991","0.03%","Analyze"
"CHWA","CHW Acquisition Corporation","09/24/2021","$122,000,000","10.00","9.76","-2.40","12,500,000","188,668","1.51%","Analyze"
"CLAS","Class Acceleration Corp. Class A","03/08/2021","$219,555,000","10.00","9.76","-2.40","22,500,000","36,746","0.16%","Analyze"
"CLRM","Clarim Acquisition Corp. - Class A","03/22/2021","$281,750,000","10.00","9.76","-2.40","28,750,000","7,220","0.03%","Analyze"
"CRU","Crucible Acquisition Corporation Class A","11/14/2011","$21,960,000","10.00","9.76","-2.40","2,250,000","68,136","3.03%","Analyze"
"CRZN","Corazon Capital V838 Monoceros Corp Class A","05/14/2021","$198,704,025","10.00","9.76","-2.40","20,379,900","97,395","0.48%","Analyze"
"DISA","Disruptive Acquisition Corporation I Class A","05/23/2017","$268,400,000","10.00","9.76","-2.40","27,500,000","3,855","0.01%","Analyze"
"EAC","Edify Acquisition Corp. Class A","03/01/2021","$269,376,000","10.00","9.76","-2.40","27,600,000","36,845","0.13%","Analyze"
"EPWR","Empowerment & Inclusion Capital I Corp. Class A","03/01/2021","$270,204,000","10.00","9.76","-2.40","27,600,000","19,357","0.07%","Analyze"
"FSNB","Fusion Acquisition Corp. II Class A","04/19/2021","$488,000,000","10.00","9.76","-2.40","50,000,000","55,032","0.11%","Analyze"
"GNAC","Group Nine Acquisition Corp. - Class A","03/08/2021","$224,480,000","10.00","9.76","-2.40","23,000,000","48,738","0.21%","Analyze"
"GPAC","Global Partner Acquisition Corp II - Class A","10/29/2015","$292,500,000","10.00","9.76","-2.40","30,000,000","37,832","0.13%","Analyze"
"HCII","Hudson Executive Investment Corp. II Class A","03/18/2021","$219,600,000","10.00","9.76","-2.40","22,500,000","13,674","0.06%","Analyze"
"ITHX","ITHAX Acquisition Corp. - Class A","03/19/2021","$241,795,500","10.00","9.76","-2.40","24,825,000","24,257","0.10%","Analyze"
"LHC","Leo Holdings Corp. II Class A","03/01/2021","$366,000,000","10.00","9.76","-2.40","37,500,000","21,228","0.06%","Analyze"
"MON","Monument Circle Acquisition Corp. - Class A","03/12/2021","$244,000,000","10.00","9.76","-2.40","25,000,000","31,572","0.13%","Analyze"
"NVSA","New Vista Acquisition Corp Class A","04/12/2021","$269,928,000","10.00","9.76","-2.40","27,600,000","60,179","0.22%","Analyze"
"OEPW","One Equity Partners Open Water I Corp. Class A","03/15/2021","$336,892,500","10.00","9.76","-2.40","34,500,000","36,429","0.11%","Analyze"
"PAQC","Provident Acquisition Corp. Class A","03/01/2021","$224,710,000","10.00","9.76","-2.40","23,000,000","9,253","0.04%","Analyze"
"PICC","Pivotal Investment Corporation III Class A","04/01/2021","$269,376,000","10.00","9.76","-2.40","27,600,000","33,856","0.12%","Analyze"
"PV","Primavera Capital Acquisition Corporation Class A","03/15/2021","$404,064,000","10.00","9.76","-2.40","41,400,000","42,761","0.10%","Analyze"
"RKTA","Rocket Internet Growth Opportunities Corp. Class A","05/13/2021","$260,592,000","10.00","9.76","-2.40","26,700,000","63,341","0.24%","Analyze"
"SCOB","ScION Tech Growth II Class A","04/05/2021","$337,755,000","10.00","9.76","-2.40","34,500,000","156,984","0.46%","Analyze"
"SHAC","SCP & CO Healthcare Acquisition Company Class A","03/15/2021","$224,250,000","10.00","9.76","-2.40","23,000,000","16,526","0.07%","Analyze"
"SPKB","Silver Spike Acquisition Corp II - Class A","05/03/2021","$280,312,500","10.00","9.76","-2.40","28,750,000","19,835","0.07%","Analyze"
"TWNI","Tailwind International Acquisition Corp. Class A","04/09/2021","$336,030,000","10.00","9.76","-2.40","34,500,000","85,882","0.25%","Analyze"
"ZWRK","Z-Work Acquisition Corp. Class A","03/22/2021","$223,891,200","10.00","9.76","-2.40","23,000,000","35,590","0.15%","Analyze"
"APMI","AxonPrime Infrastructure Acquisition Corporation Class A","10/04/2021","$146,250,000","10.00","9.75","-2.50","15,000,000","38,994","0.26%","Analyze"
"BGSX","Build Acquisition Corp. Class A","05/06/2021","$194,496,000","10.00","9.75","-2.50","20,000,000","16,944","0.08%","Analyze"
"CCAI","Cascadia Acquisition Corp. Class A","10/18/2021","$145,351,500","10.00","9.75","-2.50","15,000,000","1,668","0.01%","Analyze"
"CPTK","Crown PropTech Acquisitions Class A","03/30/2021","$269,100,000","10.00","9.75","-2.50","27,600,000","38,916","0.14%","Analyze"
"DHCA","DHC Acquisition Corp. Class A ordinary share","04/22/2021","$302,333,353","10.00","9.75","-2.50","30,945,072","19,936","0.06%","Analyze"
"DLCA","Deep Lake Capital Acquisition Corp. - Class A","03/05/2021","$201,825,000","10.00","9.75","-2.50","20,700,000","42,458","0.21%","Analyze"
"DTOC","Digital Transformation Opportunities Corp. Class A","04/30/2021","$325,162,500","10.00","9.75","-2.50","33,350,000","16,580","0.05%","Analyze"
"EQHA","EQ Health Acquisition Corp. Class A","03/22/2021","$214,059,611","10.00","9.75","-2.50","21,999,960","20,556","0.09%","Analyze"
"ESM","ESM Acquisition Corporation Class A","04/30/2021","$298,960,213","10.00","9.75","-2.50","30,694,067","13,889","0.05%","Analyze"
"FSRX","FinServ Acquisition Corp. II Class A","04/12/2021","$299,992,000","10.00","9.75","-2.50","30,800,000","4,734","0.02%","Analyze"
"FTPA","FTAC Parnassus Acquisition Corp. Class A","05/03/2021","$250,220,600","10.00","9.75","-2.50","25,690,000","35,644","0.14%","Analyze"
"FVIV","Fortress Value Acquisition Corp. IV Class A","05/06/2021","$633,750,000","10.00","9.75","-2.50","65,000,000","51,717","0.08%","Analyze"
"GGMC","Glenfarne Merger Corp. - Class A","12/31/1999","$273,222,853","10.00","9.75","-2.50","28,109,347","42,582","0.15%","Analyze"
"GSQB","G Squared Ascend II Inc. Class A","08/05/2021","$31,873,345","10.00","9.75","-2.50","3,269,061","835","0.03%","Analyze"
"HUGS","USHG Acquisition Corp. Class A","04/19/2021","$280,312,500","10.00","9.75","-2.50","28,750,000","21,293","0.07%","Analyze"
"ITQ","Itiquira Acquisition Corp. Class A","05/23/2005","$224,250,000","10.00","9.75","-2.50","23,000,000","44,746","0.19%","Analyze"
"KLAQ","KL Acquisition Corp Class A","03/01/2021","$280,312,500","10.00","9.75","-2.50","28,750,000","54,324","0.19%","Analyze"
"KRNL","Kernel Group Holdings, Inc. - Class A","03/26/2021","$297,436,000","10.00","9.75","-2.50","30,475,000","17,045","0.06%","Analyze"
"LCAA","L Catterton Asia Acquisition Corp Class A","05/03/2021","$279,919,039","10.00","9.75","-2.50","28,650,874","15,628","0.05%","Analyze"
"LGAC","Lazard Growth Acquisition Corp. I","04/05/2021","$561,200,000","10.00","9.75","-2.50","57,500,000","88,648","0.15%","Analyze"
"LVRA","Levere Holdings Corp. Class A","05/10/2021","$264,774,472","10.00","9.75","-2.50","27,128,532","12,896","0.05%","Analyze"
"MACC","Mission Advancement Corp. Class A","04/23/2021","$419,390,625","10.00","9.75","-2.50","43,125,000","78,305","0.18%","Analyze"
"OHPA","Orion Acquisition Corp. Class A","04/22/2021","$402,822,000","10.00","9.75","-2.50","41,400,000","59,639","0.14%","Analyze"
"PANA","Panacea Acquisition Corp. II Class A","08/24/2020","$174,213,050","10.00","9.75","-2.50","17,795,000","8,281","0.05%","Analyze"
"PUCK","Goal Acquisitions Corp.","03/25/2021","$323,322,188","10.00","9.75","-2.50","33,161,250","31,329","0.09%","Analyze"
"SBII","Sandbridge X2 Corp. Class A","04/30/2021","$232,937,116","10.00","9.75","-2.50","23,817,701","11,040","0.05%","Analyze"
"SCLE","Broadscale Acquisition Corp. Class A","04/05/2021","$336,030,000","10.00","9.75","-2.50","34,500,000","143,980","0.42%","Analyze"
"TBSA","TB SA Acquisition Corp Class A Ordinary Share","05/13/2021","$194,200,000","10.00","9.75","-2.50","20,000,000","1,008","0.01%","Analyze"
"TMAC","The Music Acquisition Corporation Class A","03/26/2021","$224,250,000","10.00","9.75","-2.50","23,000,000","31,372","0.14%","Analyze"
"AAQC","Accelerate Acquisition Corp. Class A","05/10/2021","$390,800,000","10.00","9.74","-2.60","40,000,000","38,560","0.10%","Analyze"
"AFAQ","AF Acquisition Corp.","03/26/2008","$218,176,000","10.00","9.74","-2.60","22,400,000","54,246","0.24%","Analyze"
"AGAC","African Gold Acquisition Corporation Class A","03/25/2021","$403,443,000","10.00","9.74","-2.60","41,400,000","18,294","0.04%","Analyze"
"AMPI","Advanced Merger Partners, Inc. Class A","04/22/2021","$280,312,500","10.00","9.74","-2.60","28,750,000","6,588","0.02%","Analyze"
"COLI","Colicity Inc. Class A","04/16/2021","$336,720,000","10.00","9.74","-2.60","34,500,000","11,345","0.03%","Analyze"
"EVOJ","Evo Acquisition Corp. Class A","04/01/2021","$121,754,870","10.00","9.74","-2.60","12,500,500","26,328","0.21%","Analyze"
"FMIV","Forum Merger IV Corporation Class A","05/13/2021","$337,384,515","10.00","9.74","-2.60","34,603,540","37,034","0.11%","Analyze"
"FRON","Frontier Acquisition Corp. Class A","05/02/2021","$231,158,200","10.00","9.74","-2.60","23,660,000","7,051","0.03%","Analyze"
"HIII","Hudson Executive Investment Corp. III Class A","04/16/2021","$583,800,000","10.00","9.74","-2.60","60,000,000","79,168","0.13%","Analyze"
"KAIR","Kairos Acquisition Corp. - Class A","02/26/2021","$269,100,000","10.00","9.74","-2.60","27,600,000","37,020","0.13%","Analyze"
"MACA","Moringa Acquisition Corp Class A","04/06/2021","$116,685,200","10.00","9.74","-2.60","11,980,000","34,814","0.29%","Analyze"
"OMEG","Omega Alpha SPAC - Class A","01/07/2021","$139,150,160","10.00","9.74","-2.60","14,301,000","15,954","0.11%","Analyze"
"PLMI","Plum Acquisition Corp. I Class A Ordinary Share","05/05/2021","$310,597,499","10.00","9.74","-2.60","31,921,634","12,159","0.04%","Analyze"
"PRSR","Prospector Capital Corp. Class A","03/01/2021","$317,037,500","10.00","9.74","-2.60","32,500,000","37,994","0.12%","Analyze"
"TCAC","Tuatara Capital Acquisition Corporation Class A","04/05/2021","$194,800,000","10.00","9.74","-2.60","20,000,000","17,633","0.09%","Analyze"
"TETC","Tech and Energy Transition Corporation Class A","05/07/2021","$374,027,500","10.00","9.74","-2.60","38,500,000","85,491","0.22%","Analyze"
"ACRO","Acropolis Infrastructure Acquisition Corp. Class A","08/30/2021","$0","10.00","9.73","-2.70","0","34,966","0.00%","Analyze"
"ADEX","Adit EdTech Acquisition Corp.","03/03/2021","$233,520,000","10.00","9.73","-2.70","24,000,000","30,065","0.13%","Analyze"
"AEAC","Authentic Equity Acquisition Corp. - Class A","03/08/2021","$224,480,000","10.00","9.73","-2.70","23,000,000","24,361","0.11%","Analyze"
"ARRW","Arrowroot Acquisition Corp. Class A","04/22/2021","$279,737,500","10.00","9.73","-2.70","28,750,000","24,581","0.09%","Analyze"
"BOAS","BOA Acquisition Corp. Class A","04/05/2021","$224,250,000","10.00","9.73","-2.70","23,000,000","31,321","0.14%","Analyze"
"CFVI","CF Acquisition Corp. VI Class A","04/12/2021","$299,018,000","10.00","9.73","-2.70","30,700,000","18,724","0.06%","Analyze"
"COVA","COVA Acquisition Corp. - Class A","03/30/2021","$292,200,000","10.00","9.73","-2.70","30,000,000","19,252","0.06%","Analyze"
"FACT","Freedom Acquisition I Corp. Class A","04/19/2021","$335,685,000","10.00","9.73","-2.70","34,500,000","57,760","0.17%","Analyze"
"FSSI","Fortistar Sustainable Solutions Corp. Class A","03/19/2021","$252,022,500","10.00","9.73","-2.70","25,875,000","75,098","0.29%","Analyze"
"FTEV","FinTech Evolution Acquisition Group Class A","04/21/2021","$266,152,634","10.00","9.73","-2.70","27,410,158","13,442","0.05%","Analyze"
"GLHA","Glass Houses Acquisition Corp. - Class A","05/13/2021","$214,299,688","10.00","9.73","-2.70","22,047,293","7,819","0.04%","Analyze"
"HHLA","HH&L Acquisition Co. Class A","03/29/2021","$402,822,000","10.00","9.73","-2.70","41,400,000","135,334","0.33%","Analyze"
"JOFF","JOFF Fintech Acquisition Corp. Class A","03/29/2021","$403,650,000","10.00","9.73","-2.70","41,400,000","49,021","0.12%","Analyze"
"KAII","Kismet Acquisition Two Corp. Class A","04/12/2021","$224,020,000","10.00","9.73","-2.70","23,000,000","23,568","0.10%","Analyze"
"LITT","Logistics Innovation Technologies Corp. - Class A","08/04/2021","$334,074,779","10.00","9.73","-2.70","34,089,611","2,368","0.01%","Analyze"
"NRAC","Noble Rock Acquisition Corporation - Class A","03/25/2021","$235,704,000","10.00","9.73","-2.70","24,150,000","62,297","0.26%","Analyze"
"PFTA","Portage Fintech Acquisition Corporation Class A Ordinary Share","01/03/2000","$252,117,718","10.00","9.73","-2.70","25,911,379","4,473","0.02%","Analyze"
"PSPC","Post Holdings Partnering Corporation Series A","07/16/2021","$345,223,000","10.00","9.73","-2.70","35,590,000","147,154","0.41%","Analyze"
"SKYA","Skydeck Acquisition Corp. Class A","07/09/2021","$215,674,810","10.00","9.73","-2.70","22,165,962","105,989","0.48%","Analyze"
"SPTK","SportsTek Acquisition Corp. Class A","05/10/2006","$168,532,500","10.00","9.73","-2.70","17,250,000","49,576","0.29%","Analyze"
"TLGA","TLG Acquisition One Corp. Class A","03/22/2021","$389,200,000","10.00","9.73","-2.70","40,000,000","42,018","0.11%","Analyze"
"TSPQ","TCW Special Purpose Acquisition Corp. Class A","04/21/2021","$451,870,732","10.00","9.73","-2.70","46,393,299","71,866","0.15%","Analyze"
"TZPS","TZP Strategies Acquisition Corp. - Class A","03/12/2021","$280,548,250","10.00","9.73","-2.70","28,750,000","6,560","0.02%","Analyze"
"WAVC","Waverley Capital Acquisition Corp. 1 Class A","10/11/2021","$263,372,608","10.00","9.73","-2.70","0","417","0.00%","Analyze"
"AGGR","Agile Growth Corp. Class A","04/30/2021","$301,630,000","10.00","9.72","-2.80","31,000,000","56,591","0.18%","Analyze"
"ASPC","Alpha Capital Acquisition Company - One Class A","04/12/2021","$224,250,000","10.00","9.72","-2.80","23,000,000","12,316","0.05%","Analyze"
"BLNG","Belong Acquisition Corp. Class A","09/13/2021","$145,800,000","10.00","9.72","-2.80","15,000,000","71,091","0.47%","Analyze"
"BLTS","Bright Lights Acquisition Corp. Class A","03/01/2021","$224,710,000","10.00","9.72","-2.80","23,000,000","14,745","0.06%","Analyze"
"CPAR","Catalyst Partners Acquisition Corp. - Class A","07/14/2021","$335,185,614","10.00","9.72","-2.80","34,360,391","79,791","0.23%","Analyze"
"EGGF","EG Acquisition Corp. Class A","07/16/2021","$218,137,500","10.00","9.72","-2.80","22,500,000","44,297","0.20%","Analyze"
"EOCW","Elliott Opportunity II Corp. Class A","08/19/2021","$740,542,528","10.00","9.72","-2.80","0","41,488","0.00%","Analyze"
"GFOR","Graf Acquisition Corp. IV","07/12/2021","$209,809,118","10.00","9.72","-2.80","21,452,875","44,403","0.21%","Analyze"
"GXII","GX Acquisition Corp. II Class A","05/09/2021","$291,600,000","10.00","9.72","-2.80","30,000,000","114,418","0.38%","Analyze"
"HCNE","Jaws Hurricane Acquisition Corp. Class A","08/02/2021","$308,027,500","10.00","9.72","-2.80","31,625,000","65,511","0.21%","Analyze"
"IBER","Ibere Pharmaceuticals Class A","04/19/2021","$133,770,300","10.00","9.72","-2.80","13,800,000","6,169","0.04%","Analyze"
"KSI","Kadem Sustainable Impact Corporation - Class A","11/13/2000","$170,275,000","10.00","9.72","-2.80","17,500,000","11,253","0.06%","Analyze"
"LOKM","Live Oak Mobility Acquisition Corp. Class A","04/22/2021","$245,916,000","10.00","9.72","-2.80","25,300,000","17,766","0.07%","Analyze"
"OSI","Osiris Acquisition Corp. Class A","07/06/2021","$223,560,000","10.00","9.72","-2.80","23,000,000","8,662","0.04%","Analyze"
"AFTR","AfterNext HealthTech Acquisition Corp. Class A","10/04/2021","$312,218,752","10.00","9.71","-2.90","0","54,960","0.00%","Analyze"
"ALPA","Alpha Healthcare Acquisition Corp. III Class A","12/06/2002","$154,466,534","10.00","9.71","-2.90","15,907,985","8,513","0.05%","Analyze"
"AMCI","AMCI Acquisition Corp. II Class A","09/24/2021","$146,400,000","10.00","9.71","-2.90","15,000,000","42,987","0.29%","Analyze"
"ANZU","Anzu Special Acquisition Corp I Class A","04/22/2021","$414,375,000","10.00","9.71","-2.90","42,500,000","40,925","0.10%","Analyze"
"GOBI","Gobi Acquisition Corp. - Class A","06/29/2021","$252,846,135","10.00","9.71","-2.90","25,853,388","2,970","0.01%","Analyze"
"HWEL","Healthwell Acquisition Corp. I Class A","09/23/2021","$242,750,000","10.00","9.71","-2.90","25,000,000","10,119","0.04%","Analyze"
"KIII","Kismet Acquisition Three Corp. Class A","04/12/2021","$279,162,500","10.00","9.71","-2.90","28,750,000","25,043","0.09%","Analyze"
"NBST","Newbury Street Acquisition Corporation","04/16/2021","$162,452,550","10.00","9.71","-2.90","16,661,800","4,197","0.03%","Analyze"
"PSAG","Property Solutions Acquisition Corporation II Class A","04/09/2021","$90,744,501","10.00","9.71","-2.90","9,335,854","3,561","0.04%","Analyze"
"RCLF","Rosecliff Acquisition Corp I - Class A","05/07/2019","$247,434,000","10.00","9.71","-2.90","25,300,000","69,345","0.27%","Analyze"
"SCAQ","Stratim Cloud Acquisition Corp. Class A","05/03/2021","$243,500,000","10.00","9.71","-2.90","25,000,000","29,201","0.12%","Analyze"
"TRTL","TortoiseEcofin Acquisition Corp. III Class A","09/09/2021","$0","10.00","9.71","-2.90","0","37,476","0.00%","Analyze"
"TWLV","Twelve Seas Investment Company II Class A","04/12/2019","$347,020,450","10.00","9.71","-2.90","35,665,000","17,234","0.05%","Analyze"
"ACAH","Atlantic Coastal Acquisition Corp. - Class A","04/26/2021","$334,995,000","10.00","9.70","-3.00","34,500,000","12,121","0.04%","Analyze"
"CLBR","Colombier Acquisition Corp. Class A","07/07/2021","$145,500,000","10.00","9.70","-3.00","15,000,000","55,369","0.37%","Analyze"
"CORS","Corsair Partnering Corporation Class A","08/23/2021","$287,614,816","10.00","9.70","-3.00","0","54,060","0.00%","Analyze"
"PTOC","Pine Technology Acquisition Corp. Class A","05/03/2021","$336,030,000","10.00","9.70","-3.00","34,500,000","30,907","0.09%","Analyze"
"RVAC","Riverview Acquisition Corp. Class A","09/28/2021","$242,500,000","10.00","9.70","-3.00","25,000,000","41,835","0.17%","Analyze"
"TWNT","Tailwind Two Acquisition Corp. Class A","04/23/2021","$334,650,000","10.00","9.70","-3.00","34,500,000","39,508","0.11%","Analyze"
"WALD","Waldencast Acquisition Corp. Class A Ordinary Share","05/10/2021","$337,065,000","10.00","9.70","-3.00","34,500,000","22,176","0.06%","Analyze"
"CNDA","Concord Acquisition Corp II Class A","10/22/2021","$0","10.00","9.69","-3.10","0","1,900","0.00%","Analyze"
"JAQC","Jupiter Acquisition Corporation","10/01/2021","$152,732,327","10.00","9.69","-3.10","15,761,850","189,749","1.20%","Analyze"
"MSAC","Medicus Sciences Acquisition Corp. Class A Ordinary Share","04/05/2021","$90,225,320","10.00","9.69","-3.10","9,292,000","61,263","0.66%","Analyze"
"SMIH","Summit Healthcare Acquisition Corp. Class A","07/30/2021","$194,400,000","10.00","9.69","-3.10","20,000,000","107,031","0.54%","Analyze"
"APTM","Alpha Partners Technology Merger Corp. Class A","09/17/2021","$274,307,500","10.00","9.68","-3.20","28,250,000","25,985","0.09%","Analyze"
"POND","Angel Pond Holdings Corporation Class A","07/09/2021","$257,549,375","10.00","9.68","-3.20","26,551,482","11,618","0.04%","Analyze"
"TIOA","Tio Tech A Class A","06/01/2021","$334,305,000","10.00","9.68","-3.20","34,500,000","16,940","0.05%","Analyze"
"XPAX","XPAC Acquisition Corp. Class A","09/20/2021","$211,924,914","10.00","9.67","-3.30","21,961,131","109,090","0.50%","Analyze"
"BWC","Blue Whale Acquisition Corp I Class A","09/24/2021","$223,902,315","10.00","9.66","-3.40","22,940,811","4,407","0.02%","Analyze"
"KORE","KORE Group Holdings, Inc.","09/27/2021","$504,896,000","10.00","7.13","-28.70","0","913,859","0.00%","Analyze"
"ENPC","Executive Network Partnering Corporation Class A","11/06/2020","$413,837,900","25.00","9.84","-60.64","42,014,000","226,339","0.54%","Analyze"
"MCAER","Mountain Crest Acquisition Corp. III Right","06/17/2021","$69,594,199","10.00","0.56","-94.40","124,297,551","4,439","0.00%","Analyze"